GEOHASH,NUMBER_OF_VEHICLES,LATITUDE,LONGITUDE
sx7chk,415161,40.98175048828125,27.9656982421875
sx7chm,708836,40.98724365234375,27.9656982421875
sx7cht,630179,40.98724365234375,27.9766845703125
sx7chw,831526,40.99273681640625,27.9766845703125
sx7chx,840029,40.99822998046875,27.9766845703125
sx7ck8,773567,41.00372314453125,27.9766845703125
sx7ck9,821823,41.00921630859375,27.9766845703125
sx7ckc,247521,41.00921630859375,27.9876708984375
sx7ckf,652551,41.01470947265625,27.9876708984375
sx7ckg,521798,41.02020263671875,27.9876708984375
sx7cm5,432926,41.02020263671875,27.9986572265625
sx7cmh,756644,41.02569580078125,27.9986572265625
sx7cmm,623801,41.03118896484375,28.0096435546875
sx7cmq,425209,41.03668212890625,28.0096435546875
sx7cmw,766155,41.03668212890625,28.0206298828125
sx7cmx,333822,41.04217529296875,28.0206298828125
sx7cmz,766999,41.04217529296875,28.0316162109375
sx7cqp,280401,41.04217529296875,28.0426025390625
sx7ctx,691180,41.08612060546875,28.0206298828125
sx7ctz,675830,41.08612060546875,28.0316162109375
sx7cu3,581939,41.09710693359375,27.9656982421875
sx7cu9,674572,41.09710693359375,27.9766845703125
sx7cuc,688439,41.09710693359375,27.9876708984375
sx7cv0,676191,41.09161376953125,27.9986572265625
sx7cv1,561060,41.09710693359375,27.9986572265625
sx7cv2,665135,41.09161376953125,28.0096435546875
sx7cw0,910906,41.04766845703125,28.0426025390625
sx7cw2,702971,41.04766845703125,28.0535888671875
sx7cw3,666390,41.05316162109375,28.0535888671875
sx7cw9,799851,41.05316162109375,28.0645751953125
sx7cwd,262582,41.05865478515625,28.0645751953125
sx7cwf,862196,41.05865478515625,28.0755615234375
sx7cwn,523403,41.08062744140625,28.0426025390625
sx7cwp,429549,41.08612060546875,28.0426025390625
sx7cwq,700788,41.08062744140625,28.0535888671875
sx7cwv,646266,41.07513427734375,28.0755615234375
sx7cww,650973,41.08062744140625,28.0645751953125
sx7cx4,768353,41.05865478515625,28.0865478515625
sx7cx7,894628,41.06414794921875,28.0975341796875
sx7cxj,833329,41.07513427734375,28.0865478515625
sx7cxk,775284,41.06964111328125,28.0975341796875
sx7cxm,256707,41.07513427734375,28.0975341796875
sx7cxs,1700486,41.06964111328125,28.1085205078125
sx7cxu,924996,41.06964111328125,28.1195068359375
sx7cxv,1174103,41.07513427734375,28.1195068359375
sx7fkq,732116,41.21246337890625,27.9656982421875
sx7fkw,1194809,41.21246337890625,27.9766845703125
sx7fky,1071487,41.21246337890625,27.9876708984375
sx7fme,562592,41.19598388671875,28.0206298828125
sx7fmg,1049423,41.19598388671875,28.0316162109375
sx7fmj,1260512,41.20697021484375,27.9986572265625
sx7fmk,861840,41.20147705078125,28.0096435546875
sx7fmm,1024578,41.20697021484375,28.0096435546875
sx7fmn,608027,41.21246337890625,27.9986572265625
sx7fms,1033435,41.20147705078125,28.0206298828125
sx7fpy,1467804,41.16851806640625,28.1195068359375
sx7fpz,1550354,41.17401123046875,28.1195068359375
sx7fq5,807656,41.19598388671875,28.0426025390625
sx7fqg,1271729,41.19598388671875,28.0755615234375
sx7fqk,785247,41.20147705078125,28.0535888671875
sx7fqs,940174,41.20147705078125,28.0645751953125
sx7fqu,2089402,41.20147705078125,28.0755615234375
sx7fqv,1013173,41.20697021484375,28.0755615234375
sx7fqx,804635,41.21795654296875,28.0645751953125
sx7fqy,918681,41.21246337890625,28.0755615234375
sx7fqz,252339,41.21795654296875,28.0755615234375
sx7fr4,1463143,41.19049072265625,28.0865478515625
sx7fr5,571918,41.19598388671875,28.0865478515625
sx7fr6,1728252,41.19049072265625,28.0975341796875
sx7fr8,991339,41.17950439453125,28.1085205078125
sx7fr9,1955979,41.18499755859375,28.1085205078125
sx7frb,693984,41.17950439453125,28.1195068359375
sx7fty,693865,41.25640869140625,28.0316162109375
sx7ftz,584397,41.26190185546875,28.0316162109375
sx7fv7,804883,41.28387451171875,28.0096435546875
sx7fvb,739609,41.26739501953125,28.0316162109375
sx7fvc,679277,41.27288818359375,28.0316162109375
sx7fvd,626365,41.27838134765625,28.0206298828125
sx7fve,468768,41.28387451171875,28.0206298828125
sx7fvk,465267,41.28936767578125,28.0096435546875
sx7fvm,476506,41.29486083984375,28.0096435546875
sx7fvp,728908,41.30584716796875,27.9986572265625
sx7fvq,329156,41.30035400390625,28.0096435546875
sx7fvr,718579,41.30584716796875,28.0096435546875
sx7fw3,674944,41.22894287109375,28.0535888671875
sx7fw5,830246,41.23992919921875,28.0426025390625
sx7fw6,769556,41.23443603515625,28.0535888671875
sx7fw8,836870,41.22344970703125,28.0645751953125
sx7fw9,599893,41.22894287109375,28.0645751953125
sx7fwh,792031,41.24542236328125,28.0426025390625
sx7fwj,929050,41.25091552734375,28.0426025390625
sx7fwn,291797,41.25640869140625,28.0426025390625
sx7ghb,1166869,41.31134033203125,27.9876708984375
sx7ghc,1204020,41.31683349609375,27.9876708984375
sx7ghd,990697,41.32232666015625,27.9766845703125
sx7ghe,599253,41.32781982421875,27.9766845703125
sx7ghf,430367,41.32232666015625,27.9876708984375
sx7ghk,375490,41.33331298828125,27.9656982421875
sx7ghm,436048,41.33880615234375,27.9656982421875
sx7gj0,416435,41.31134033203125,27.9986572265625
sxhzvq,425063,40.77301025390625,29.4158935546875
sxhzvr,1283270,40.77850341796875,29.4158935546875
sxhzvt,1293495,40.76751708984375,29.4268798828125
sxhzvw,1420213,40.77301025390625,29.4268798828125
sxk18j,976122,41.07513427734375,28.1304931640625
sxk18m,788456,41.07513427734375,28.1414794921875
sxk18n,716909,41.08062744140625,28.1304931640625
sxk18p,344606,41.08612060546875,28.1304931640625
sxk18r,556238,41.08612060546875,28.1414794921875
sxk18t,886438,41.07513427734375,28.1524658203125
sxk18v,1020006,41.07513427734375,28.1634521484375
sxk19j,920633,41.07513427734375,28.1744384765625
sxk19m,368653,41.07513427734375,28.1854248046875
sxk19q,899306,41.08062744140625,28.1854248046875
sxk19w,1008444,41.08062744140625,28.1964111328125
sxk19y,1001172,41.08062744140625,28.2073974609375
sxk1b2,658070,41.09161376953125,28.1414794921875
sxk1b9,707830,41.09710693359375,28.1524658203125
sxk1bd,729182,41.10260009765625,28.1524658203125
sxk1bg,815403,41.10809326171875,28.1634521484375
sxk1bu,551071,41.11358642578125,28.1634521484375
sxk1bx,1107858,41.13006591796875,28.1524658203125
sxk1by,1225675,41.12457275390625,28.1634521484375
sxk1bz,1486451,41.13006591796875,28.1634521484375
sxk1ch,529617,41.11358642578125,28.1744384765625
sxk1cj,1130844,41.11907958984375,28.1744384765625
sxk1cm,1483238,41.11907958984375,28.1854248046875
sxk1cn,757853,41.12457275390625,28.1744384765625
sxk1ct,1202988,41.11907958984375,28.1964111328125
sxk1cv,1724040,41.11907958984375,28.2073974609375
sxk1dn,1428610,41.08062744140625,28.2183837890625
sxk1dq,1490045,41.08062744140625,28.2293701171875
sxk1dt,887527,41.07513427734375,28.2403564453125
sxk1dv,1754008,41.07513427734375,28.2513427734375
sxk1dw,2029738,41.08062744140625,28.2403564453125
sxk1dx,439969,41.08612060546875,28.2403564453125
sxk1dz,386721,41.08612060546875,28.2513427734375
sxk1ej,1339609,41.07513427734375,28.2623291015625
sxk1ek,1506010,41.06964111328125,28.2733154296875
sxk1em,676392,41.07513427734375,28.2733154296875
sxk1es,1544638,41.06964111328125,28.2843017578125
sxk1eu,1550195,41.06964111328125,28.2952880859375
sxk1fb,507984,41.09161376953125,28.2513427734375
sxk1fc,374335,41.09710693359375,28.2513427734375
sxk1fj,1345767,41.11907958984375,28.2183837890625
sxk1fq,1657433,41.12457275390625,28.2293701171875
sxk1ft,497940,41.11907958984375,28.2403564453125
sxk1fu,258973,41.11358642578125,28.2513427734375
sxk1fv,2103387,41.11907958984375,28.2513427734375
sxk1fw,1804733,41.12457275390625,28.2403564453125
sxk1g4,321577,41.10260009765625,28.2623291015625
sxk1g5,689885,41.10809326171875,28.2623291015625
sxk1g7,1826052,41.10809326171875,28.2733154296875
sxk1ge,1761199,41.10809326171875,28.2843017578125
sxk1gg,1800500,41.10809326171875,28.2952880859375
sxk1gh,1681806,41.11358642578125,28.2623291015625
sxk1qx,1523950,41.04217529296875,28.4161376953125
sxk1qy,685073,41.03668212890625,28.4271240234375
sxk1qz,1342202,41.04217529296875,28.4271240234375
sxk1rg,1096461,41.02020263671875,28.4710693359375
sxk1rm,1279520,41.03118896484375,28.4490966796875
sxk1rn,1693081,41.03668212890625,28.4381103515625
sxk1rq,1136309,41.03668212890625,28.4490966796875
sxk1rs,1019611,41.02569580078125,28.4600830078125
sxk1rt,1527689,41.03118896484375,28.4600830078125
sxk1ru,1450273,41.02569580078125,28.4710693359375
sxk1s5,955737,41.06414794921875,28.3062744140625
sxk1s7,1325537,41.06414794921875,28.3172607421875
sxk1se,1351729,41.06414794921875,28.3282470703125
sxk1sf,423224,41.05865478515625,28.3392333984375
sxk1sg,1250632,41.06414794921875,28.3392333984375
sxk1sh,1024023,41.06964111328125,28.3062744140625
sxk1t4,1361033,41.05865478515625,28.3502197265625
sxk1t6,1419837,41.05865478515625,28.3612060546875
sxk1t9,1395950,41.05316162109375,28.3721923828125
sxk1tc,1345207,41.05316162109375,28.3831787109375
sxk1td,1939051,41.05865478515625,28.3721923828125
sxk1tg,464318,41.06414794921875,28.3831787109375
sxk1tr,848991,41.08612060546875,28.3612060546875
sxk1tt,1627685,41.07513427734375,28.3721923828125
sxk1tu,2061693,41.06964111328125,28.3831787109375
sxk1tv,664550,41.07513427734375,28.3831787109375
sxk1tw,1658183,41.08062744140625,28.3721923828125
sxk1tx,1286112,41.08612060546875,28.3721923828125
sxk1u4,1625429,41.10260009765625,28.3062744140625
sxk1u5,822059,41.10809326171875,28.3062744140625
sxk1u6,1881210,41.10260009765625,28.3172607421875
sxk1uc,1637067,41.09710693359375,28.3392333984375
sxk1ud,1834803,41.10260009765625,28.3282470703125
sxk1v1,2155540,41.09710693359375,28.3502197265625
sxk1v2,1959043,41.09161376953125,28.3612060546875
sxk1v3,955319,41.09710693359375,28.3612060546875
sxk1w0,1251144,41.04766845703125,28.3941650390625
sxk1w1,357657,41.05316162109375,28.3941650390625
sxk1w2,1309453,41.04766845703125,28.4051513671875
sxk1w5,1276091,41.06414794921875,28.3941650390625
sxk1w6,644562,41.05865478515625,28.4051513671875
sxk1w7,2584226,41.06414794921875,28.4051513671875
sxk1wc,1953073,41.05316162109375,28.4271240234375
sxk1wd,2719035,41.05865478515625,28.4161376953125
sxk1wf,1188757,41.05865478515625,28.4271240234375
sxk1wh,1595472,41.06964111328125,28.3941650390625
sxk1x1,2455544,41.05316162109375,28.4381103515625
sxk1x3,2686252,41.05316162109375,28.4490966796875
sxk1x9,1312392,41.05316162109375,28.4600830078125
sxk1xd,2102508,41.05865478515625,28.4600830078125
sxk1xf,2175950,41.05865478515625,28.4710693359375
sxk1zz,758338,41.13006591796875,28.4710693359375
sxk323,492783,41.00921630859375,28.4930419921875
sxk324,769912,41.01470947265625,28.4820556640625
sxk325,1618281,41.02020263671875,28.4820556640625
sxk326,1626877,41.01470947265625,28.4930419921875
sxk329,1691644,41.00921630859375,28.5040283203125
sxk32c,1862038,41.00921630859375,28.5150146484375
sxk331,1958008,41.00921630859375,28.5260009765625
sxk333,1452417,41.00921630859375,28.5369873046875
sxk336,1988400,41.01470947265625,28.5369873046875
sxk33d,2682530,41.01470947265625,28.5479736328125
sxk33f,2893738,41.01470947265625,28.5589599609375
sxk33g,3468378,41.02020263671875,28.5589599609375
sxk33t,294799,41.03118896484375,28.5479736328125
sxk33u,1657835,41.02569580078125,28.5589599609375
sxk33v,1050082,41.03118896484375,28.5589599609375
sxk33w,1172640,41.03668212890625,28.5479736328125
sxk33x,1049557,41.04217529296875,28.5479736328125
sxk35q,265205,40.99273681640625,28.6248779296875
sxk35r,1164282,40.99822998046875,28.6248779296875
sxk365,4076044,41.02020263671875,28.5699462890625
sxk367,4071749,41.02020263671875,28.5809326171875
sxk36k,1308623,41.02569580078125,28.5809326171875
sxk36s,3923097,41.02569580078125,28.5919189453125
sxk36u,3808797,41.02569580078125,28.6029052734375
sxk372,1376967,41.00372314453125,28.6248779296875
sxk373,1819433,41.00921630859375,28.6248779296875
sxk376,2443890,41.01470947265625,28.6248779296875
sxk377,7105798,41.02020263671875,28.6248779296875
sxk37c,790326,41.00921630859375,28.6468505859375
sxk37d,4058614,41.01470947265625,28.6358642578125
sxk37e,4748114,41.02020263671875,28.6358642578125
sxk37f,6325654,41.01470947265625,28.6468505859375
sxk37h,3803271,41.02569580078125,28.6138916015625
sxk37k,5515415,41.02569580078125,28.6248779296875
sxk37m,2572027,41.03118896484375,28.6248779296875
sxk37q,2745446,41.03668212890625,28.6248779296875
sxk37r,2962885,41.04217529296875,28.6248779296875
sxk384,1798855,41.05865478515625,28.4820556640625
sxk386,2147997,41.05865478515625,28.4930419921875
sxk387,630555,41.06414794921875,28.4930419921875
sxk38e,2164759,41.06414794921875,28.5040283203125
sxk38s,1592972,41.06964111328125,28.5040283203125
sxk38t,1945257,41.07513427734375,28.5040283203125
sxk38w,1351933,41.08062744140625,28.5040283203125
sxk38x,2179484,41.08612060546875,28.5040283203125
sxk38y,914960,41.08062744140625,28.5150146484375
sxk38z,1695454,41.08612060546875,28.5150146484375
sxk393,1128564,41.05316162109375,28.5369873046875
sxk395,617682,41.06414794921875,28.5260009765625
sxk396,1143128,41.05865478515625,28.5369873046875
sxk397,740525,41.06414794921875,28.5369873046875
sxk398,905090,41.04766845703125,28.5479736328125
sxk39h,1038523,41.06964111328125,28.5260009765625
sxk39j,1026183,41.07513427734375,28.5260009765625
sxk3b8,1066955,41.09161376953125,28.5040283203125
sxk3bb,3471572,41.09161376953125,28.5150146484375
sxk3bc,3890959,41.09710693359375,28.5150146484375
sxk3bd,1225781,41.10260009765625,28.5040283203125
sxk3be,1321014,41.10809326171875,28.5040283203125
sxk3bf,643708,41.10260009765625,28.5150146484375
sxk3bm,573405,41.11907958984375,28.4930419921875
sxk3bn,616171,41.12457275390625,28.4820556640625
sxk3bq,741117,41.12457275390625,28.4930419921875
sxk3br,550648,41.13006591796875,28.4930419921875
sxk3bs,1137756,41.11358642578125,28.5040283203125
sxk3bt,506554,41.11907958984375,28.5040283203125
sxk3bw,410031,41.12457275390625,28.5040283203125
sxk3c4,2554453,41.10260009765625,28.5260009765625
sxk3c6,667097,41.10260009765625,28.5369873046875
sxk3c7,2526767,41.10809326171875,28.5369873046875
sxk3ce,2412474,41.10809326171875,28.5479736328125
sxk3cg,2248359,41.10809326171875,28.5589599609375
sxk3e2,2405176,41.04766845703125,28.6248779296875
sxk3e3,2422378,41.05316162109375,28.6248779296875
sxk3e6,3116813,41.05865478515625,28.6248779296875
sxk3e7,2548394,41.06414794921875,28.6248779296875
sxk3eg,2548372,41.06414794921875,28.6468505859375
sxk3ek,2652661,41.06964111328125,28.6248779296875
sxk3em,2722792,41.07513427734375,28.6248779296875
sxk3eq,2592883,41.08062744140625,28.6248779296875
sxk3er,3413631,41.08612060546875,28.6248779296875
sxk3eu,2807605,41.06964111328125,28.6468505859375
sxk3ev,2941495,41.07513427734375,28.6468505859375
sxk3ew,1051156,41.08062744140625,28.6358642578125
sxk3ex,3583788,41.08612060546875,28.6358642578125
sxk3ey,1432571,41.08062744140625,28.6468505859375
sxk3ez,1276982,41.08612060546875,28.6468505859375
sxk3f5,2699924,41.10809326171875,28.5699462890625
sxk3f6,623122,41.10260009765625,28.5809326171875
sxk3f7,2266520,41.10809326171875,28.5809326171875
sxk3fd,2220872,41.10260009765625,28.5919189453125
sxk3ff,2194950,41.10260009765625,28.6029052734375
sxk3g1,1545118,41.09710693359375,28.6138916015625
sxk3g2,1146561,41.09161376953125,28.6248779296875
sxk3g3,1414432,41.09710693359375,28.6248779296875
sxk3g4,1434992,41.10260009765625,28.6138916015625
sxk3g8,3209099,41.09161376953125,28.6358642578125
sxk3gb,1085785,41.09161376953125,28.6468505859375
sxk3gk,828145,41.11358642578125,28.6248779296875
sxk3gm,2816886,41.11907958984375,28.6248779296875
sxk3gq,2865268,41.12457275390625,28.6248779296875
sxk3gr,2367046,41.13006591796875,28.6248779296875
sxk3gs,2062973,41.11358642578125,28.6358642578125
sxk3he,1881241,40.97625732421875,28.6798095703125
sxk3hs,1868424,40.98175048828125,28.6798095703125
sxk3ht,1915992,40.98724365234375,28.6798095703125
sxk3hv,1016527,40.98724365234375,28.6907958984375
sxk3hw,3886961,40.99273681640625,28.6798095703125
sxk3hx,4220455,40.99822998046875,28.6798095703125
sxk3hy,1119722,40.99273681640625,28.6907958984375
sxk3hz,6102296,40.99822998046875,28.6907958984375
sxk3j7,1139413,40.97625732421875,28.7127685546875
sxk3je,950758,40.97625732421875,28.7237548828125
sxk3jg,7809820,40.97625732421875,28.7347412109375
sxk3jh,1226470,40.98175048828125,28.7017822265625
sxk3jj,1921253,40.98724365234375,28.7017822265625
sxk3jk,1448501,40.98175048828125,28.7127685546875
sxk3jm,6012479,40.98724365234375,28.7127685546875
sxk3jn,4397797,40.99273681640625,28.7017822265625
sxk3jp,8466135,40.99822998046875,28.7017822265625
sxk3jq,7751224,40.99273681640625,28.7127685546875
sxk3jr,1417201,40.99822998046875,28.7127685546875
sxk3js,8355418,40.98175048828125,28.7237548828125
sxk3jt,7748088,40.98724365234375,28.7237548828125
sxk3ju,6602504,40.98175048828125,28.7347412109375
sxk3jw,954657,40.99273681640625,28.7237548828125
sxk3k1,7024546,41.00921630859375,28.6578369140625
sxk3k2,6344323,41.00372314453125,28.6688232421875
sxk3k3,3599739,41.00921630859375,28.6688232421875
sxk3k8,11321508,41.00372314453125,28.6798095703125
sxk3k9,5364730,41.00921630859375,28.6798095703125
sxk3kb,5510928,41.00372314453125,28.6907958984375
sxk3kd,4298299,41.01470947265625,28.6798095703125
sxk3ke,5246860,41.02020263671875,28.6798095703125
sxk3kf,2470926,41.01470947265625,28.6907958984375
sxk3kg,1506105,41.02020263671875,28.6907958984375
sxk3ks,7048677,41.02569580078125,28.6798095703125
sxk3kt,2583758,41.03118896484375,28.6798095703125
sxk3ku,2634682,41.02569580078125,28.6907958984375
sxk3kv,4582931,41.03118896484375,28.6907958984375
sxk3kw,2059790,41.03668212890625,28.6798095703125
sxk3kx,2538814,41.04217529296875,28.6798095703125
sxk3ky,5599866,41.03668212890625,28.6907958984375
sxk3kz,5850636,41.04217529296875,28.6907958984375
sxk3m0,2481860,41.00372314453125,28.7017822265625
sxk3m1,2613638,41.00921630859375,28.7017822265625
sxk3m2,1492093,41.00372314453125,28.7127685546875
sxk3m4,887252,41.01470947265625,28.7017822265625
sxk3n5,8115224,40.97625732421875,28.7457275390625
sxk3nh,5480014,40.98175048828125,28.7457275390625
sxk3nk,7823173,40.98175048828125,28.7567138671875
sxk3ns,3264497,40.98175048828125,28.7677001953125
sxk3nt,8756113,40.98724365234375,28.7677001953125
sxk3nv,7658924,40.98724365234375,28.7786865234375
sxk3nw,1419648,40.99273681640625,28.7677001953125
sxk3nx,1012660,40.99822998046875,28.7677001953125
sxk3ny,1463385,40.99273681640625,28.7786865234375
sxk3nz,1355631,40.99822998046875,28.7786865234375
sxk3p3,1338412,40.96527099609375,28.8006591796875
sxk3p6,1326854,40.97076416015625,28.8006591796875
sxk3p7,1095278,40.97625732421875,28.8006591796875
sxk3p9,1669125,40.96527099609375,28.8116455078125
sxk3pc,1546068,40.96527099609375,28.8226318359375
sxk3pj,7772120,40.98724365234375,28.7896728515625
sxk3pk,982491,40.98175048828125,28.8006591796875
sxk3pm,1688897,40.98724365234375,28.8006591796875
sxk3pn,7326800,40.99273681640625,28.7896728515625
sxk3pp,1143470,40.99822998046875,28.7896728515625
sxk3pq,1274473,40.99273681640625,28.8006591796875
sxk3pr,8328482,40.99822998046875,28.8006591796875
sxk3pu,810804,40.98175048828125,28.8226318359375
sxk3pv,2691699,40.98724365234375,28.8226318359375
sxk3pw,3850603,40.99273681640625,28.8116455078125
sxk3px,8184862,40.99822998046875,28.8116455078125
sxk3py,11639915,40.99273681640625,28.8226318359375
sxk3pz,6964320,40.99822998046875,28.8226318359375
sxk3q8,758577,41.00372314453125,28.7677001953125
sxk3q9,770536,41.00921630859375,28.7677001953125
sxk3qb,1132331,41.00372314453125,28.7786865234375
sxk3qc,1350097,41.00921630859375,28.7786865234375
sxk3qd,1233053,41.01470947265625,28.7677001953125
sxk3qe,1664425,41.02020263671875,28.7677001953125
sxk3qf,1120626,41.01470947265625,28.7786865234375
sxk3qg,1630900,41.02020263671875,28.7786865234375
sxk3qq,455062,41.03668212890625,28.7567138671875
sxk3qr,1324451,41.04217529296875,28.7567138671875
sxk3qs,1328219,41.02569580078125,28.7677001953125
sxk3qt,2114397,41.03118896484375,28.7677001953125
sxk3qu,811086,41.02569580078125,28.7786865234375
sxk3qv,707560,41.03118896484375,28.7786865234375
sxk3qw,2255187,41.03668212890625,28.7677001953125
sxk3qy,1301245,41.03668212890625,28.7786865234375
sxk3qz,1456586,41.04217529296875,28.7786865234375
sxk3r0,1248249,41.00372314453125,28.7896728515625
sxk3r1,2829175,41.00921630859375,28.7896728515625
sxk3r2,2181386,41.00372314453125,28.8006591796875
sxk3r3,3060164,41.00921630859375,28.8006591796875
sxk3r4,2385131,41.01470947265625,28.7896728515625
sxk3r5,1807848,41.02020263671875,28.7896728515625
sxk3r6,1574382,41.01470947265625,28.8006591796875
sxk3r7,1551083,41.02020263671875,28.8006591796875
sxk3r8,6604593,41.00372314453125,28.8116455078125
sxk3r9,9130767,41.00921630859375,28.8116455078125
sxk3rb,1559874,41.00372314453125,28.8226318359375
sxk3rc,2725143,41.00921630859375,28.8226318359375
sxk3rd,6315996,41.01470947265625,28.8116455078125
sxk3re,6455416,41.02020263671875,28.8116455078125
sxk3rf,4075042,41.01470947265625,28.8226318359375
sxk3rg,2482533,41.02020263671875,28.8226318359375
sxk3rh,2784432,41.02569580078125,28.7896728515625
sxk3rj,3217445,41.03118896484375,28.7896728515625
sxk3rk,1237706,41.02569580078125,28.8006591796875
sxk3rm,3602639,41.03118896484375,28.8006591796875
sxk3rn,2916771,41.03668212890625,28.7896728515625
sxk3rp,1206020,41.04217529296875,28.7896728515625
sxk3rq,1618906,41.03668212890625,28.8006591796875
sxk3rr,2050761,41.04217529296875,28.8006591796875
sxk3rs,11882100,41.02569580078125,28.8116455078125
sxk3rt,9849256,41.03118896484375,28.8116455078125
sxk3ru,1306772,41.02569580078125,28.8226318359375
sxk3rv,2295074,41.03118896484375,28.8226318359375
sxk3rw,8379651,41.03668212890625,28.8116455078125
sxk3rx,9264615,41.04217529296875,28.8116455078125
sxk3ry,1504408,41.03668212890625,28.8226318359375
sxk3rz,1705396,41.04217529296875,28.8226318359375
sxk3s1,685735,41.05316162109375,28.6578369140625
sxk3s2,1780898,41.04766845703125,28.6688232421875
sxk3s3,7775927,41.05316162109375,28.6688232421875
sxk3s4,5323057,41.05865478515625,28.6578369140625
sxk3s5,3238418,41.06414794921875,28.6578369140625
sxk3s6,1894215,41.05865478515625,28.6688232421875
sxk3s7,2628619,41.06414794921875,28.6688232421875
sxk3s8,1478162,41.04766845703125,28.6798095703125
sxk3s9,8946995,41.05316162109375,28.6798095703125
sxk3sb,6045890,41.04766845703125,28.6907958984375
sxk3sc,3357519,41.05316162109375,28.6907958984375
sxk3sd,268349,41.05865478515625,28.6798095703125
sxk3se,1789489,41.06414794921875,28.6798095703125
sxk3sf,8142954,41.05865478515625,28.6907958984375
sxk3sg,617144,41.06414794921875,28.6907958984375
sxk3sh,1581093,41.06964111328125,28.6578369140625
sxk3sj,1609813,41.07513427734375,28.6578369140625
sxk3sk,862532,41.06964111328125,28.6688232421875
sxk3sn,1194873,41.08062744140625,28.6578369140625
sxk3su,1612130,41.06964111328125,28.6907958984375
sxk3sv,1011375,41.07513427734375,28.6907958984375
sxk3t3,5187118,41.05316162109375,28.7127685546875
sxk3t4,9575785,41.05865478515625,28.7017822265625
sxk3t5,1176947,41.06414794921875,28.7017822265625
sxk3t6,6850367,41.05865478515625,28.7127685546875
sxk3t9,10282578,41.05316162109375,28.7237548828125
sxk3tc,316980,41.05316162109375,28.7347412109375
sxk3td,1550459,41.05865478515625,28.7237548828125
sxk3tf,9422182,41.05865478515625,28.7347412109375
sxk3tg,2839435,41.06414794921875,28.7347412109375
sxk3w2,773192,41.04766845703125,28.7567138671875
sxk3w3,1031689,41.05316162109375,28.7567138671875
sxk3w4,3695515,41.05865478515625,28.7457275390625
sxk3w5,10254206,41.06414794921875,28.7457275390625
sxk3w6,7333667,41.05865478515625,28.7567138671875
sxk3w7,4968013,41.06414794921875,28.7567138671875
sxk3wb,1212832,41.04766845703125,28.7786865234375
sxk3wc,769025,41.05316162109375,28.7786865234375
sxk3wd,505556,41.05865478515625,28.7677001953125
sxk3we,9531301,41.06414794921875,28.7677001953125
sxk3wf,952003,41.05865478515625,28.7786865234375
sxk3wg,9495171,41.06414794921875,28.7786865234375
sxk3ws,734231,41.06964111328125,28.7677001953125
sxk3wt,718660,41.07513427734375,28.7677001953125
sxk3ww,978363,41.08062744140625,28.7677001953125
sxk3wz,763488,41.08612060546875,28.7786865234375
sxk3x0,1956553,41.04766845703125,28.7896728515625
sxk3x1,2567010,41.05316162109375,28.7896728515625
sxk3x2,3787164,41.04766845703125,28.8006591796875
sxk3x3,1165995,41.05316162109375,28.8006591796875
sxk3x4,2517685,41.05865478515625,28.7896728515625
sxk3x5,11261240,41.06414794921875,28.7896728515625
sxk3x6,1377610,41.05865478515625,28.8006591796875
sxk3x7,12364029,41.06414794921875,28.8006591796875
sxk3x8,11660895,41.04766845703125,28.8116455078125
sxk3x9,8571897,41.05316162109375,28.8116455078125
sxk3xb,2749709,41.04766845703125,28.8226318359375
sxk3xc,1742993,41.05316162109375,28.8226318359375
sxk3xd,14559200,41.05865478515625,28.8116455078125
sxk3xe,15182395,41.06414794921875,28.8116455078125
sxk3xf,1462266,41.05865478515625,28.8226318359375
sxk3xg,9603575,41.06414794921875,28.8226318359375
sxk3xh,2048625,41.06964111328125,28.7896728515625
sxk3xj,2664338,41.07513427734375,28.7896728515625
sxk3xn,2397204,41.08062744140625,28.7896728515625
sxk3xp,1432066,41.08612060546875,28.7896728515625
sxk3xq,813043,41.08062744140625,28.8006591796875
sxk3xr,2769297,41.08612060546875,28.8006591796875
sxk3xs,8692335,41.06964111328125,28.8116455078125
sxk3xt,6433058,41.07513427734375,28.8116455078125
sxk3xu,2567822,41.06964111328125,28.8226318359375
sxk3xw,6117872,41.08062744140625,28.8116455078125
sxk3xx,4342192,41.08612060546875,28.8116455078125
sxk3yg,707425,41.10809326171875,28.7786865234375
sxk3z0,2235113,41.09161376953125,28.7896728515625
sxk3z1,1982413,41.09710693359375,28.7896728515625
sxk3z2,1979715,41.09161376953125,28.8006591796875
sxk3z4,1059888,41.10260009765625,28.7896728515625
sxk3z5,504150,41.10809326171875,28.7896728515625
sxk3z6,1387365,41.10260009765625,28.8006591796875
sxk3z7,1202825,41.10809326171875,28.8006591796875
sxk3z8,3817223,41.09161376953125,28.8116455078125
sxk3z9,3621047,41.09710693359375,28.8116455078125
sxk3zd,3560583,41.10260009765625,28.8116455078125
sxk3ze,2920357,41.10809326171875,28.8116455078125
sxk3zr,2485248,41.13006591796875,28.8006591796875
sxk3zs,3503277,41.11358642578125,28.8116455078125
sxk3zt,2989926,41.11907958984375,28.8116455078125
sxk3zw,3351153,41.12457275390625,28.8116455078125
sxk3zx,1752685,41.13006591796875,28.8116455078125
sxk3zz,1249095,41.13006591796875,28.8226318359375
sxk406,464010,41.14654541015625,28.1414794921875
sxk407,1320285,41.15203857421875,28.1414794921875
sxk408,1734146,41.13555908203125,28.1524658203125
sxk409,1261611,41.14105224609375,28.1524658203125
sxk40d,660085,41.14654541015625,28.1524658203125
sxk40j,1927131,41.16302490234375,28.1304931640625
sxk40k,1371013,41.15753173828125,28.1414794921875
sxk40m,286108,41.16302490234375,28.1414794921875
sxk40n,798043,41.16851806640625,28.1304931640625
sxk4pb,587685,41.13555908203125,28.4710693359375
sxk4pf,843614,41.14654541015625,28.4710693359375
sxk4pg,643560,41.15203857421875,28.4710693359375
sxk4pr,1082842,41.17401123046875,28.4490966796875
sxk4ps,690094,41.15753173828125,28.4600830078125
sxk4pt,762479,41.16302490234375,28.4600830078125
sxk4pv,679523,41.16302490234375,28.4710693359375
sxk4px,1238901,41.17401123046875,28.4600830078125
sxk4py,1421538,41.16851806640625,28.4710693359375
sxk4rx,541196,41.21795654296875,28.4600830078125
sxk600,530144,41.13555908203125,28.4820556640625
sxk601,607381,41.14105224609375,28.4820556640625
sxk602,271473,41.13555908203125,28.4930419921875
sxk60m,1148894,41.16302490234375,28.4930419921875
sxk60n,1446414,41.16851806640625,28.4820556640625
sxk60q,544959,41.16851806640625,28.4930419921875
sxk60t,1410669,41.16302490234375,28.5040283203125
sxk60v,1280477,41.16302490234375,28.5150146484375
sxk61j,632867,41.16302490234375,28.5260009765625
sxk61n,1220787,41.16851806640625,28.5260009765625
sxk61q,1473229,41.16851806640625,28.5369873046875
sxk61w,932519,41.16851806640625,28.5479736328125
sxk61x,1135987,41.17401123046875,28.5479736328125
sxk61z,1003030,41.17401123046875,28.5589599609375
sxk63b,1414551,41.17950439453125,28.5589599609375
sxk652,1617206,41.13555908203125,28.6248779296875
sxk653,1062552,41.14105224609375,28.6248779296875
sxk655,955812,41.15203857421875,28.6138916015625
sxk656,1166908,41.14654541015625,28.6248779296875
sxk657,304747,41.15203857421875,28.6248779296875
sxk661,1387252,41.18499755859375,28.5699462890625
sxk664,1023306,41.19049072265625,28.5699462890625
sxk665,1150829,41.19598388671875,28.5699462890625
sxk66h,793283,41.20147705078125,28.5699462890625
sxk66k,676051,41.20147705078125,28.5809326171875
sxk66m,1350588,41.20697021484375,28.5809326171875
sxk66q,440327,41.21246337890625,28.5809326171875
sxk66v,375864,41.20697021484375,28.6029052734375
sxk66w,1286268,41.21246337890625,28.5919189453125
sxk66x,703959,41.21795654296875,28.5919189453125
sxk66y,484375,41.21246337890625,28.6029052734375
sxk66z,1829797,41.21795654296875,28.6029052734375
sxk675,456502,41.19598388671875,28.6138916015625
sxk67h,405316,41.20147705078125,28.6138916015625
sxk6db,1746909,41.22344970703125,28.6029052734375
sxk6dc,645033,41.22894287109375,28.6029052734375
sxk6e0,731720,41.22344970703125,28.6138916015625
sxk6e1,1425062,41.22894287109375,28.6138916015625
sxk6e4,1048278,41.23443603515625,28.6138916015625
sxk6e6,941134,41.23443603515625,28.6248779296875
sxk6e7,1591865,41.23992919921875,28.6248779296875
sxk6ee,886694,41.23992919921875,28.6358642578125
sxk6es,1130221,41.24542236328125,28.6358642578125
sxk6eu,1574943,41.24542236328125,28.6468505859375
sxk6m1,742640,41.18499755859375,28.7017822265625
sxk6m3,2050158,41.18499755859375,28.7127685546875
sxk6m9,2352196,41.18499755859375,28.7237548828125
sxk6mb,1812616,41.17950439453125,28.7347412109375
sxk6mc,1483353,41.18499755859375,28.7347412109375
sxk6me,774526,41.19598388671875,28.7237548828125
sxk6mf,809528,41.19049072265625,28.7347412109375
sxk6mg,643438,41.19598388671875,28.7347412109375
sxk6mq,829574,41.21246337890625,28.7127685546875
sxk6mr,808677,41.21795654296875,28.7127685546875
sxk6ms,780168,41.20147705078125,28.7237548828125
sxk6mt,876665,41.20697021484375,28.7237548828125
sxk6mw,443063,41.21246337890625,28.7237548828125
sxk6np,2057487,41.17401123046875,28.7457275390625
sxk6nq,1058712,41.16851806640625,28.7567138671875
sxk6nr,2324276,41.17401123046875,28.7567138671875
sxk6nt,1668012,41.16302490234375,28.7677001953125
sxk6nu,1641007,41.15753173828125,28.7786865234375
sxk6nv,2025445,41.16302490234375,28.7786865234375
sxk6nw,1533399,41.16851806640625,28.7677001953125
sxk6p2,3178103,41.13555908203125,28.8006591796875
sxk6p3,3705786,41.14105224609375,28.8006591796875
sxk6p4,2733216,41.14654541015625,28.7896728515625
sxk6p5,2918244,41.15203857421875,28.7896728515625
sxk6p6,1448023,41.14654541015625,28.8006591796875
sxk6p8,3130114,41.13555908203125,28.8116455078125
sxk6p9,2588170,41.14105224609375,28.8116455078125
sxk6pb,3233629,41.13555908203125,28.8226318359375
sxk6pd,3132605,41.14654541015625,28.8116455078125
sxk6pe,3234025,41.15203857421875,28.8116455078125
sxk6ph,2306762,41.15753173828125,28.7896728515625
sxk6ps,3231797,41.15753173828125,28.8116455078125
sxk6pt,2960213,41.16302490234375,28.8116455078125
sxk6pw,3145299,41.16851806640625,28.8116455078125
sxk6px,3462206,41.17401123046875,28.8116455078125
sxk6q0,2126606,41.17950439453125,28.7457275390625
sxk6q1,1095515,41.18499755859375,28.7457275390625
sxk6q4,662154,41.19049072265625,28.7457275390625
sxk6q7,737548,41.19598388671875,28.7567138671875
sxk6qe,685633,41.19598388671875,28.7677001953125
sxk6r8,3388339,41.17950439453125,28.8116455078125
sxk6rb,206712,41.17950439453125,28.8226318359375
sxk6rc,3445066,41.18499755859375,28.8226318359375
sxk6rf,3447212,41.19049072265625,28.8226318359375
sxk6rg,2070460,41.19598388671875,28.8226318359375
sxk6ru,2262420,41.20147705078125,28.8226318359375
sxk6rv,3192675,41.20697021484375,28.8226318359375
sxk6ry,2184537,41.21246337890625,28.8226318359375
sxk6sg,747613,41.23992919921875,28.6907958984375
sxk6sh,1772946,41.24542236328125,28.6578369140625
sxk6sk,1231872,41.24542236328125,28.6688232421875
sxk6ss,1196926,41.24542236328125,28.6798095703125
sxk6st,504651,41.25091552734375,28.6798095703125
sxk6su,1790868,41.24542236328125,28.6907958984375
sxk6sv,1300811,41.25091552734375,28.6907958984375
sxk6sw,825662,41.25640869140625,28.6798095703125
sxk6sx,402198,41.26190185546875,28.6798095703125
sxk6sy,1285432,41.25640869140625,28.6907958984375
sxk6sz,549787,41.26190185546875,28.6907958984375
sxk6t1,705541,41.22894287109375,28.7017822265625
sxk6t2,678561,41.22344970703125,28.7127685546875
sxk6t4,750459,41.23443603515625,28.7017822265625
sxk6th,2110145,41.24542236328125,28.7017822265625
sxk6tk,2535237,41.24542236328125,28.7127685546875
sxk6ts,2541572,41.24542236328125,28.7237548828125
sxk6tu,3156309,41.24542236328125,28.7347412109375
sxk6u2,510560,41.26739501953125,28.6688232421875
sxk6u3,588737,41.27288818359375,28.6688232421875
sxk6w5,687864,41.23992919921875,28.7457275390625
sxk6w7,808158,41.23992919921875,28.7567138671875
sxk6we,888920,41.23992919921875,28.7677001953125
sxk6wg,1011442,41.23992919921875,28.7786865234375
sxk6wh,2177111,41.24542236328125,28.7457275390625
sxk6wk,1966356,41.24542236328125,28.7567138671875
sxk6ws,2145630,41.24542236328125,28.7677001953125
sxk6wu,2306215,41.24542236328125,28.7786865234375
sxk6x4,282219,41.23443603515625,28.7896728515625
sxk6x5,3502272,41.23992919921875,28.7896728515625
sxk6x6,841306,41.23443603515625,28.8006591796875
sxk6x7,3775438,41.23992919921875,28.8006591796875
sxk6xc,3197399,41.22894287109375,28.8226318359375
sxk6xd,4106450,41.23443603515625,28.8116455078125
sxk6xe,2571742,41.23992919921875,28.8116455078125
sxk6xf,3490345,41.23443603515625,28.8226318359375
sxk6xg,1434068,41.23992919921875,28.8226318359375
sxk6xh,1174329,41.24542236328125,28.7896728515625
sxk8vz,1044464,40.95428466796875,29.0863037109375
sxk8wz,1031412,40.91033935546875,29.1302490234375
sxk8xg,1766568,40.88836669921875,29.1741943359375
sxk8xm,1024510,40.89935302734375,29.1522216796875
sxk8xn,1141051,40.90484619140625,29.1412353515625
sxk8xp,946012,40.91033935546875,29.1412353515625
sxk8xq,800440,40.90484619140625,29.1522216796875
sxk8xr,1035084,40.91033935546875,29.1522216796875
sxk8xs,1212474,40.89385986328125,29.1632080078125
sxk8xt,1989931,40.89935302734375,29.1632080078125
sxk8xu,2019735,40.89385986328125,29.1741943359375
sxk8xv,1843102,40.89935302734375,29.1741943359375
sxk8xw,1193350,40.90484619140625,29.1632080078125
sxk8xx,1885682,40.91033935546875,29.1632080078125
sxk8xy,1827908,40.90484619140625,29.1741943359375
sxk8xz,2277117,40.91033935546875,29.1741943359375
sxk8yb,1423701,40.91583251953125,29.1302490234375
sxk8yc,2304624,40.92132568359375,29.1302490234375
sxk8yd,1076144,40.92681884765625,29.1192626953125
sxk8ye,1596778,40.93231201171875,29.1192626953125
sxk8yf,1518942,40.92681884765625,29.1302490234375
sxk8yg,1432749,40.93231201171875,29.1302490234375
sxk8ym,1729248,40.94329833984375,29.1082763671875
sxk8yn,1191461,40.94879150390625,29.0972900390625
sxk8yp,2449457,40.95428466796875,29.0972900390625
sxk8yq,1216792,40.94879150390625,29.1082763671875
sxk8yr,1179326,40.95428466796875,29.1082763671875
sxk8ys,2286393,40.93780517578125,29.1192626953125
sxk8yt,1002983,40.94329833984375,29.1192626953125
sxk8yu,5973079,40.93780517578125,29.1302490234375
sxk8yv,9591137,40.94329833984375,29.1302490234375
sxk8yw,7331583,40.94879150390625,29.1192626953125
sxk8yx,6851516,40.95428466796875,29.1192626953125
sxk8yy,4285656,40.94879150390625,29.1302490234375
sxk8z0,1590470,40.91583251953125,29.1412353515625
sxk8z1,1145489,40.92132568359375,29.1412353515625
sxk8z2,1555915,40.91583251953125,29.1522216796875
sxk8z3,4579316,40.92132568359375,29.1522216796875
sxk8z4,1084685,40.92681884765625,29.1412353515625
sxk8z5,7943805,40.93231201171875,29.1412353515625
sxk8z6,8334369,40.92681884765625,29.1522216796875
sxk8z7,1600360,40.93231201171875,29.1522216796875
sxk8z8,1046623,40.91583251953125,29.1632080078125
sxk8z9,7552767,40.92132568359375,29.1632080078125
sxk8zb,6610498,40.91583251953125,29.1741943359375
sxk8zc,5529816,40.92132568359375,29.1741943359375
sxk8zd,770788,40.92681884765625,29.1632080078125
sxk8ze,673547,40.93231201171875,29.1632080078125
sxk8zh,7077034,40.93780517578125,29.1412353515625
sxk8zj,1822946,40.94329833984375,29.1412353515625
sxk8zk,1065166,40.93780517578125,29.1522216796875
sxk8zm,1323054,40.94329833984375,29.1522216796875
sxk8zp,1344833,40.95428466796875,29.1412353515625
sxk8zq,1081324,40.94879150390625,29.1522216796875
sxk8zw,1099336,40.94879150390625,29.1632080078125
sxk900,428700,40.95977783203125,28.8336181640625
sxk901,3016184,40.96527099609375,28.8336181640625
sxk904,1655264,40.97076416015625,28.8336181640625
sxk905,869374,40.97625732421875,28.8336181640625
sxk906,2199504,40.97076416015625,28.8446044921875
sxk907,1837717,40.97625732421875,28.8446044921875
sxk90e,2611880,40.97625732421875,28.8555908203125
sxk90g,3062934,40.97625732421875,28.8665771484375
sxk90h,1180319,40.98175048828125,28.8336181640625
sxk90j,1011422,40.98724365234375,28.8336181640625
sxk90k,1012331,40.98175048828125,28.8446044921875
sxk90n,8586406,40.99273681640625,28.8336181640625
sxk90p,1550962,40.99822998046875,28.8336181640625
sxk90q,8369938,40.99273681640625,28.8446044921875
sxk90r,2104501,40.99822998046875,28.8446044921875
sxk90s,1234916,40.98175048828125,28.8555908203125
sxk90t,1467612,40.98724365234375,28.8555908203125
sxk90u,1206924,40.98175048828125,28.8665771484375
sxk90v,719485,40.98724365234375,28.8665771484375
sxk90w,8101118,40.99273681640625,28.8555908203125
sxk90x,2107895,40.99822998046875,28.8555908203125
sxk90y,5065151,40.99273681640625,28.8665771484375
sxk90z,7404022,40.99822998046875,28.8665771484375
sxk915,3077620,40.97625732421875,28.8775634765625
sxk917,1662736,40.97625732421875,28.8885498046875
sxk91h,712799,40.98175048828125,28.8775634765625
sxk91j,687452,40.98724365234375,28.8775634765625
sxk91k,3085914,40.98175048828125,28.8885498046875
sxk91m,1743484,40.98724365234375,28.8885498046875
sxk91n,634862,40.99273681640625,28.8775634765625
sxk91p,6850133,40.99822998046875,28.8775634765625
sxk91q,1819576,40.99273681640625,28.8885498046875
sxk91r,2624429,40.99822998046875,28.8885498046875
sxk91s,2374424,40.98175048828125,28.8995361328125
sxk91t,611060,40.98724365234375,28.8995361328125
sxk91u,1220561,40.98175048828125,28.9105224609375
sxk91v,2699078,40.98724365234375,28.9105224609375
sxk91w,1663686,40.99273681640625,28.8995361328125
sxk91x,1405777,40.99822998046875,28.8995361328125
sxk91y,1103794,40.99273681640625,28.9105224609375
sxk91z,883154,40.99822998046875,28.9105224609375
sxk920,1719561,41.00372314453125,28.8336181640625
sxk921,1583187,41.00921630859375,28.8336181640625
sxk922,2361223,41.00372314453125,28.8446044921875
sxk923,2508576,41.00921630859375,28.8446044921875
sxk924,2544467,41.01470947265625,28.8336181640625
sxk925,1776684,41.02020263671875,28.8336181640625
sxk926,4071347,41.01470947265625,28.8446044921875
sxk927,2858763,41.02020263671875,28.8446044921875
sxk928,1263605,41.00372314453125,28.8555908203125
sxk929,1221770,41.00921630859375,28.8555908203125
sxk92b,2133446,41.00372314453125,28.8665771484375
sxk92c,1588238,41.00921630859375,28.8665771484375
sxk92d,2037762,41.01470947265625,28.8555908203125
sxk92e,1019210,41.02020263671875,28.8555908203125
sxk92f,1658315,41.01470947265625,28.8665771484375
sxk92g,1740454,41.02020263671875,28.8665771484375
sxk92h,2139415,41.02569580078125,28.8336181640625
sxk92j,2695029,41.03118896484375,28.8336181640625
sxk92k,2621543,41.02569580078125,28.8446044921875
sxk92m,3596367,41.03118896484375,28.8446044921875
sxk92n,2110717,41.03668212890625,28.8336181640625
sxk92p,2720155,41.04217529296875,28.8336181640625
sxk92q,2734212,41.03668212890625,28.8446044921875
sxk92r,3278689,41.04217529296875,28.8446044921875
sxk92s,1231472,41.02569580078125,28.8555908203125
sxk92t,2583304,41.03118896484375,28.8555908203125
sxk92u,1588515,41.02569580078125,28.8665771484375
sxk92v,1751367,41.03118896484375,28.8665771484375
sxk92w,2020699,41.03668212890625,28.8555908203125
sxk92x,2080760,41.04217529296875,28.8555908203125
sxk92y,1682831,41.03668212890625,28.8665771484375
sxk92z,1751289,41.04217529296875,28.8665771484375
sxk930,1922977,41.00372314453125,28.8775634765625
sxk931,2988074,41.00921630859375,28.8775634765625
sxk932,8091202,41.00372314453125,28.8885498046875
sxk933,1158746,41.00921630859375,28.8885498046875
sxk934,3136326,41.01470947265625,28.8775634765625
sxk935,2243718,41.02020263671875,28.8775634765625
sxk936,2123671,41.01470947265625,28.8885498046875
sxk937,2680733,41.02020263671875,28.8885498046875
sxk938,3629975,41.00372314453125,28.8995361328125
sxk939,7727953,41.00921630859375,28.8995361328125
sxk93b,949288,41.00372314453125,28.9105224609375
sxk93c,1600698,41.00921630859375,28.9105224609375
sxk93d,4184314,41.01470947265625,28.8995361328125
sxk93e,3426481,41.02020263671875,28.8995361328125
sxk93f,6395511,41.01470947265625,28.9105224609375
sxk93g,5051014,41.02020263671875,28.9105224609375
sxk93h,1718685,41.02569580078125,28.8775634765625
sxk93j,1308688,41.03118896484375,28.8775634765625
sxk93k,565982,41.02569580078125,28.8885498046875
sxk93m,1113113,41.03118896484375,28.8885498046875
sxk93n,1774460,41.03668212890625,28.8775634765625
sxk93p,1154108,41.04217529296875,28.8775634765625
sxk93q,3788074,41.03668212890625,28.8885498046875
sxk93r,5765048,41.04217529296875,28.8885498046875
sxk93s,2630299,41.02569580078125,28.8995361328125
sxk93t,3164024,41.03118896484375,28.8995361328125
sxk93v,1471421,41.03118896484375,28.9105224609375
sxk93w,2962781,41.03668212890625,28.8995361328125
sxk93x,5162333,41.04217529296875,28.8995361328125
sxk93y,3328704,41.03668212890625,28.9105224609375
sxk93z,5763696,41.04217529296875,28.9105224609375
sxk94j,1891621,40.98724365234375,28.9215087890625
sxk94n,1944609,40.99273681640625,28.9215087890625
sxk94p,1344212,40.99822998046875,28.9215087890625
sxk94q,1463929,40.99273681640625,28.9324951171875
sxk94r,2238556,40.99822998046875,28.9324951171875
sxk960,1260624,41.00372314453125,28.9215087890625
sxk961,1183887,41.00921630859375,28.9215087890625
sxk962,1614831,41.00372314453125,28.9324951171875
sxk963,838210,41.00921630859375,28.9324951171875
sxk964,1192181,41.01470947265625,28.9215087890625
sxk965,6239243,41.02020263671875,28.9215087890625
sxk966,1429177,41.01470947265625,28.9324951171875
sxk967,2911851,41.02020263671875,28.9324951171875
sxk968,2700974,41.00372314453125,28.9434814453125
sxk969,1784764,41.00921630859375,28.9434814453125
sxk96b,3103894,41.00372314453125,28.9544677734375
sxk96c,2990851,41.00921630859375,28.9544677734375
sxk96d,2745473,41.01470947265625,28.9434814453125
sxk96e,1870928,41.02020263671875,28.9434814453125
sxk96f,2416544,41.01470947265625,28.9544677734375
sxk96g,1807189,41.02020263671875,28.9544677734375
sxk96h,7293873,41.02569580078125,28.9215087890625
sxk96j,8717176,41.03118896484375,28.9215087890625
sxk96k,3564102,41.02569580078125,28.9324951171875
sxk96m,5446953,41.03118896484375,28.9324951171875
sxk96n,5912971,41.03668212890625,28.9215087890625
sxk96p,1435729,41.04217529296875,28.9215087890625
sxk96q,7980204,41.03668212890625,28.9324951171875
sxk96r,1993334,41.04217529296875,28.9324951171875
sxk96s,1052503,41.02569580078125,28.9434814453125
sxk96t,794232,41.03118896484375,28.9434814453125
sxk96u,1330908,41.02569580078125,28.9544677734375
sxk96v,1057988,41.03118896484375,28.9544677734375
sxk96w,2929737,41.03668212890625,28.9434814453125
sxk96x,7428513,41.04217529296875,28.9434814453125
sxk96y,538684,41.03668212890625,28.9544677734375
sxk96z,876093,41.04217529296875,28.9544677734375
sxk970,2189001,41.00372314453125,28.9654541015625
sxk971,401952,41.00921630859375,28.9654541015625
sxk972,1330723,41.00372314453125,28.9764404296875
sxk975,2292732,41.02020263671875,28.9654541015625
sxk976,1465187,41.01470947265625,28.9764404296875
sxk977,1522447,41.02020263671875,28.9764404296875
sxk978,673194,41.00372314453125,28.9874267578125
sxk979,611389,41.00921630859375,28.9874267578125
sxk97d,787462,41.01470947265625,28.9874267578125
sxk97h,2756307,41.02569580078125,28.9654541015625
sxk97j,1815191,41.03118896484375,28.9654541015625
sxk97k,2027634,41.02569580078125,28.9764404296875
sxk97m,1845939,41.03118896484375,28.9764404296875
sxk97n,3366426,41.03668212890625,28.9654541015625
sxk97p,3255498,41.04217529296875,28.9654541015625
sxk97q,3086054,41.03668212890625,28.9764404296875
sxk97r,1827915,41.04217529296875,28.9764404296875
sxk97s,615766,41.02569580078125,28.9874267578125
sxk97t,1387982,41.03118896484375,28.9874267578125
sxk97w,1878139,41.03668212890625,28.9874267578125
sxk97x,2762366,41.04217529296875,28.9874267578125
sxk97y,2034877,41.03668212890625,28.9984130859375
sxk97z,2622031,41.04217529296875,28.9984130859375
sxk980,3882819,41.04766845703125,28.8336181640625
sxk981,3061435,41.05316162109375,28.8336181640625
sxk982,2249918,41.04766845703125,28.8446044921875
sxk983,2636947,41.05316162109375,28.8446044921875
sxk984,2608531,41.05865478515625,28.8336181640625
sxk985,13494851,41.06414794921875,28.8336181640625
sxk986,10038435,41.05865478515625,28.8446044921875
sxk987,10150452,41.06414794921875,28.8446044921875
sxk988,1563007,41.04766845703125,28.8555908203125
sxk989,6665913,41.05316162109375,28.8555908203125
sxk98b,1826954,41.04766845703125,28.8665771484375
sxk98c,7028552,41.05316162109375,28.8665771484375
sxk98d,2083052,41.05865478515625,28.8555908203125
sxk98e,5632191,41.06414794921875,28.8555908203125
sxk98f,1942110,41.05865478515625,28.8665771484375
sxk98g,2705069,41.06414794921875,28.8665771484375
sxk98h,4019252,41.06964111328125,28.8336181640625
sxk98j,1197385,41.07513427734375,28.8336181640625
sxk98k,886596,41.06964111328125,28.8446044921875
sxk98m,456311,41.07513427734375,28.8446044921875
sxk98q,1188672,41.08062744140625,28.8446044921875
sxk98r,1129183,41.08612060546875,28.8446044921875
sxk98s,5167208,41.06964111328125,28.8555908203125
sxk98t,1279937,41.07513427734375,28.8555908203125
sxk98u,5502634,41.06964111328125,28.8665771484375
sxk98v,5091485,41.07513427734375,28.8665771484375
sxk98y,2201577,41.08062744140625,28.8665771484375
sxk98z,3450943,41.08612060546875,28.8665771484375
sxk990,6359066,41.04766845703125,28.8775634765625
sxk991,1665438,41.05316162109375,28.8775634765625
sxk992,7645400,41.04766845703125,28.8885498046875
sxk993,5719281,41.05316162109375,28.8885498046875
sxk994,2193655,41.05865478515625,28.8775634765625
sxk995,2297864,41.06414794921875,28.8775634765625
sxk996,6567811,41.05865478515625,28.8885498046875
sxk997,4171677,41.06414794921875,28.8885498046875
sxk998,1388849,41.04766845703125,28.8995361328125
sxk999,1220683,41.05316162109375,28.8995361328125
sxk99b,1781242,41.04766845703125,28.9105224609375
sxk99c,2588549,41.05316162109375,28.9105224609375
sxk99d,2748605,41.05865478515625,28.8995361328125
sxk99e,1684343,41.06414794921875,28.8995361328125
sxk99f,3888308,41.05865478515625,28.9105224609375
sxk99g,2143656,41.06414794921875,28.9105224609375
sxk99h,4328771,41.06964111328125,28.8775634765625
sxk99j,5666321,41.07513427734375,28.8775634765625
sxk99k,2393998,41.06964111328125,28.8885498046875
sxk99m,1352770,41.07513427734375,28.8885498046875
sxk99n,9461346,41.08062744140625,28.8775634765625
sxk99p,8766923,41.08612060546875,28.8775634765625
sxk99q,1717652,41.08062744140625,28.8885498046875
sxk99r,4508454,41.08612060546875,28.8885498046875
sxk99s,2611136,41.06964111328125,28.8995361328125
sxk99t,3013496,41.07513427734375,28.8995361328125
sxk99u,3406881,41.06964111328125,28.9105224609375
sxk99v,3089562,41.07513427734375,28.9105224609375
sxk99w,2207532,41.08062744140625,28.8995361328125
sxk99x,1970013,41.08612060546875,28.8995361328125
sxk99y,4462453,41.08062744140625,28.9105224609375
sxk99z,5022134,41.08612060546875,28.9105224609375
sxk9b2,909574,41.09161376953125,28.8446044921875
sxk9b3,971681,41.09710693359375,28.8446044921875
sxk9b7,742713,41.10809326171875,28.8446044921875
sxk9b8,265513,41.09161376953125,28.8555908203125
sxk9b9,1493967,41.09710693359375,28.8555908203125
sxk9bb,2190340,41.09161376953125,28.8665771484375
sxk9bc,574890,41.09710693359375,28.8665771484375
sxk9bd,3416389,41.10260009765625,28.8555908203125
sxk9be,1848757,41.10809326171875,28.8555908203125
sxk9bf,1335605,41.10260009765625,28.8665771484375
sxk9bg,1687264,41.10809326171875,28.8665771484375
sxk9bk,2151158,41.11358642578125,28.8446044921875
sxk9bm,2430226,41.11907958984375,28.8446044921875
sxk9bn,1860104,41.12457275390625,28.8336181640625
sxk9bp,2289098,41.13006591796875,28.8336181640625
sxk9bq,1925306,41.12457275390625,28.8446044921875
sxk9bs,1660421,41.11358642578125,28.8555908203125
sxk9bt,1717947,41.11907958984375,28.8555908203125
sxk9bu,1353725,41.11358642578125,28.8665771484375
sxk9c0,1567140,41.09161376953125,28.8775634765625
sxk9c1,1189397,41.09710693359375,28.8775634765625
sxk9c2,8807833,41.09161376953125,28.8885498046875
sxk9c3,1646287,41.09710693359375,28.8885498046875
sxk9c4,1351607,41.10260009765625,28.8775634765625
sxk9c5,2237967,41.10809326171875,28.8775634765625
sxk9c6,1828947,41.10260009765625,28.8885498046875
sxk9c7,859634,41.10809326171875,28.8885498046875
sxk9c8,7974751,41.09161376953125,28.8995361328125
sxk9c9,1396309,41.09710693359375,28.8995361328125
sxk9cb,10359661,41.09161376953125,28.9105224609375
sxk9cc,710805,41.09710693359375,28.9105224609375
sxk9cd,1349162,41.10260009765625,28.8995361328125
sxk9ce,1026350,41.10809326171875,28.8995361328125
sxk9ch,1160890,41.11358642578125,28.8775634765625
sxk9d0,1071632,41.04766845703125,28.9215087890625
sxk9d1,865358,41.05316162109375,28.9215087890625
sxk9d2,2324724,41.04766845703125,28.9324951171875
sxk9d3,1675166,41.05316162109375,28.9324951171875
sxk9d4,1988911,41.05865478515625,28.9215087890625
sxk9d5,1082775,41.06414794921875,28.9215087890625
sxk9d6,1528701,41.05865478515625,28.9324951171875
sxk9d7,1115163,41.06414794921875,28.9324951171875
sxk9d8,7800085,41.04766845703125,28.9434814453125
sxk9d9,2650711,41.05316162109375,28.9434814453125
sxk9db,433742,41.04766845703125,28.9544677734375
sxk9dc,8872463,41.05316162109375,28.9544677734375
sxk9dd,1517993,41.05865478515625,28.9434814453125
sxk9de,3049171,41.06414794921875,28.9434814453125
sxk9df,5525760,41.05865478515625,28.9544677734375
sxk9dg,5921515,41.06414794921875,28.9544677734375
sxk9dh,1969545,41.06964111328125,28.9215087890625
sxk9dj,960645,41.07513427734375,28.9215087890625
sxk9dk,1570257,41.06964111328125,28.9324951171875
sxk9dm,999802,41.07513427734375,28.9324951171875
sxk9dn,2434522,41.08062744140625,28.9215087890625
sxk9dp,971906,41.08612060546875,28.9215087890625
sxk9dq,1996671,41.08062744140625,28.9324951171875
sxk9dr,1206172,41.08612060546875,28.9324951171875
sxk9ds,3613641,41.06964111328125,28.9434814453125
sxk9dt,3413725,41.07513427734375,28.9434814453125
sxk9du,3907158,41.06964111328125,28.9544677734375
sxk9dv,6068824,41.07513427734375,28.9544677734375
sxk9dw,1413221,41.08062744140625,28.9434814453125
sxk9dx,2325476,41.08612060546875,28.9434814453125
sxk9dy,3901140,41.08062744140625,28.9544677734375
sxk9dz,2821993,41.08612060546875,28.9544677734375
sxk9e0,3130334,41.04766845703125,28.9654541015625
sxk9e1,6820433,41.05316162109375,28.9654541015625
sxk9e2,579070,41.04766845703125,28.9764404296875
sxk9e3,1578325,41.05316162109375,28.9764404296875
sxk9e4,7591007,41.05865478515625,28.9654541015625
sxk9e5,4847740,41.06414794921875,28.9654541015625
sxk9e6,3551730,41.05865478515625,28.9764404296875
sxk9e7,5156231,41.06414794921875,28.9764404296875
sxk9e8,1874683,41.04766845703125,28.9874267578125
sxk9e9,1907462,41.05316162109375,28.9874267578125
sxk9eb,1249545,41.04766845703125,28.9984130859375
sxk9ec,1341259,41.05316162109375,28.9984130859375
sxk9ed,1999931,41.05865478515625,28.9874267578125
sxk9ee,4482060,41.06414794921875,28.9874267578125
sxk9ef,1343659,41.05865478515625,28.9984130859375
sxk9eg,6713592,41.06414794921875,28.9984130859375
sxk9eh,1691119,41.06964111328125,28.9654541015625
sxk9ej,2064486,41.07513427734375,28.9654541015625
sxk9ek,6838250,41.06964111328125,28.9764404296875
sxk9em,1510783,41.07513427734375,28.9764404296875
sxk9en,3677322,41.08062744140625,28.9654541015625
sxk9ep,4629981,41.08612060546875,28.9654541015625
sxk9eq,2712392,41.08062744140625,28.9764404296875
sxk9er,2955425,41.08612060546875,28.9764404296875
sxk9es,6438393,41.06964111328125,28.9874267578125
sxk9et,1514784,41.07513427734375,28.9874267578125
sxk9eu,2264440,41.06964111328125,28.9984130859375
sxk9ev,1392639,41.07513427734375,28.9984130859375
sxk9ew,1842885,41.08062744140625,28.9874267578125
sxk9ex,2928380,41.08612060546875,28.9874267578125
sxk9ey,1459236,41.08062744140625,28.9984130859375
sxk9ez,1277333,41.08612060546875,28.9984130859375
sxk9f0,6241880,41.09161376953125,28.9215087890625
sxk9f1,5723889,41.09710693359375,28.9215087890625
sxk9f2,7533966,41.09161376953125,28.9324951171875
sxk9f3,2099563,41.09710693359375,28.9324951171875
sxk9f8,7497411,41.09161376953125,28.9434814453125
sxk9fb,4450440,41.09161376953125,28.9544677734375
sxk9fc,10469634,41.09710693359375,28.9544677734375
sxk9ff,5881700,41.10260009765625,28.9544677734375
sxk9fg,3829473,41.10809326171875,28.9544677734375
sxk9fs,3178975,41.11358642578125,28.9434814453125
sxk9ft,4589252,41.11907958984375,28.9434814453125
sxk9fu,1827391,41.11358642578125,28.9544677734375
sxk9fw,4307265,41.12457275390625,28.9434814453125
sxk9fx,4459407,41.13006591796875,28.9434814453125
sxk9g0,5060774,41.09161376953125,28.9654541015625
sxk9g1,8185755,41.09710693359375,28.9654541015625
sxk9g2,1608322,41.09161376953125,28.9764404296875
sxk9g3,4416060,41.09710693359375,28.9764404296875
sxk9g4,5734713,41.10260009765625,28.9654541015625
sxk9g6,7928069,41.10260009765625,28.9764404296875
sxk9g8,2606687,41.09161376953125,28.9874267578125
sxk9g9,1880535,41.09710693359375,28.9874267578125
sxk9gb,1192509,41.09161376953125,28.9984130859375
sxk9gc,1660640,41.09710693359375,28.9984130859375
sxk9gd,8894746,41.10260009765625,28.9874267578125
sxk9ge,2082962,41.10809326171875,28.9874267578125
sxk9gf,9278543,41.10260009765625,28.9984130859375
sxk9gg,1919208,41.10809326171875,28.9984130859375
sxk9gh,771611,41.11358642578125,28.9654541015625
sxk9gj,677928,41.11907958984375,28.9654541015625
sxk9gk,1332057,41.11358642578125,28.9764404296875
sxk9gs,1426275,41.11358642578125,28.9874267578125
sxk9gu,1248011,41.11358642578125,28.9984130859375
sxk9hg,1331074,40.97625732421875,29.0423583984375
sxk9hm,515607,40.98724365234375,29.0203857421875
sxk9hq,853481,40.99273681640625,29.0203857421875
sxk9hr,788502,40.99822998046875,29.0203857421875
sxk9ht,1366829,40.98724365234375,29.0313720703125
sxk9hu,1412955,40.98175048828125,29.0423583984375
sxk9hv,2351466,40.98724365234375,29.0423583984375
sxk9hw,1999725,40.99273681640625,29.0313720703125
sxk9hx,1603555,40.99822998046875,29.0313720703125
sxk9hy,3036768,40.99273681640625,29.0423583984375
sxk9hz,897223,40.99822998046875,29.0423583984375
sxk9j3,1189812,40.96527099609375,29.0643310546875
sxk9j4,1102815,40.97076416015625,29.0533447265625
sxk9j5,1104542,40.97625732421875,29.0533447265625
sxk9j6,1040847,40.97076416015625,29.0643310546875
sxk9j8,1132436,40.95977783203125,29.0753173828125
sxk9j9,1153187,40.96527099609375,29.0753173828125
sxk9jb,1053664,40.95977783203125,29.0863037109375
sxk9jc,1106743,40.96527099609375,29.0863037109375
sxk9je,1419741,40.97625732421875,29.0753173828125
sxk9jf,1105635,40.97076416015625,29.0863037109375
sxk9jg,1132594,40.97625732421875,29.0863037109375
sxk9jh,591310,40.98175048828125,29.0533447265625
sxk9jj,1020919,40.98724365234375,29.0533447265625
sxk9jk,1402026,40.98175048828125,29.0643310546875
sxk9jm,960572,40.98724365234375,29.0643310546875
sxk9jn,1891124,40.99273681640625,29.0533447265625
sxk9jp,6719009,40.99822998046875,29.0533447265625
sxk9jq,4487287,40.99273681640625,29.0643310546875
sxk9jr,4694587,40.99822998046875,29.0643310546875
sxk9js,2030166,40.98175048828125,29.0753173828125
sxk9jt,3202268,40.98724365234375,29.0753173828125
sxk9ju,2845202,40.98175048828125,29.0863037109375
sxk9jv,6868555,40.98724365234375,29.0863037109375
sxk9jw,7919003,40.99273681640625,29.0753173828125
sxk9jx,2486955,40.99822998046875,29.0753173828125
sxk9jy,1174070,40.99273681640625,29.0863037109375
sxk9jz,1482879,40.99822998046875,29.0863037109375
sxk9k1,613950,41.00921630859375,29.0093994140625
sxk9k2,1204854,41.00372314453125,29.0203857421875
sxk9k3,1189591,41.00921630859375,29.0203857421875
sxk9k4,503972,41.01470947265625,29.0093994140625
sxk9k5,618921,41.02020263671875,29.0093994140625
sxk9k6,1373405,41.01470947265625,29.0203857421875
sxk9k7,711956,41.02020263671875,29.0203857421875
sxk9k8,4139034,41.00372314453125,29.0313720703125
sxk9kb,3749351,41.00372314453125,29.0423583984375
sxk9kc,1000935,41.00921630859375,29.0423583984375
sxk9kd,1193803,41.01470947265625,29.0313720703125
sxk9ke,1621681,41.02020263671875,29.0313720703125
sxk9kg,3674875,41.02020263671875,29.0423583984375
sxk9kk,1014812,41.02569580078125,29.0203857421875
sxk9kp,2540570,41.04217529296875,29.0093994140625
sxk9ks,1414062,41.02569580078125,29.0313720703125
sxk9ku,6494672,41.02569580078125,29.0423583984375
sxk9kv,4438052,41.03118896484375,29.0423583984375
sxk9kx,2089924,41.04217529296875,29.0313720703125
sxk9ky,4945943,41.03668212890625,29.0423583984375
sxk9kz,4294646,41.04217529296875,29.0423583984375
sxk9m0,2273198,41.00372314453125,29.0533447265625
sxk9m1,816345,41.00921630859375,29.0533447265625
sxk9m2,4254260,41.00372314453125,29.0643310546875
sxk9m3,5134604,41.00921630859375,29.0643310546875
sxk9m4,4356775,41.01470947265625,29.0533447265625
sxk9m5,5140766,41.02020263671875,29.0533447265625
sxk9m6,2401815,41.01470947265625,29.0643310546875
sxk9m7,1496872,41.02020263671875,29.0643310546875
sxk9m8,4530489,41.00372314453125,29.0753173828125
sxk9m9,3368058,41.00921630859375,29.0753173828125
sxk9mb,1237228,41.00372314453125,29.0863037109375
sxk9mc,4655429,41.00921630859375,29.0863037109375
sxk9md,1938936,41.01470947265625,29.0753173828125
sxk9me,4707462,41.02020263671875,29.0753173828125
sxk9mf,1189110,41.01470947265625,29.0863037109375
sxk9mg,1177633,41.02020263671875,29.0863037109375
sxk9mh,3239781,41.02569580078125,29.0533447265625
sxk9mk,1308744,41.02569580078125,29.0643310546875
sxk9mn,711791,41.03668212890625,29.0533447265625
sxk9mq,959750,41.03668212890625,29.0643310546875
sxk9ms,2418895,41.02569580078125,29.0753173828125
sxk9mt,1415106,41.03118896484375,29.0753173828125
sxk9mu,3392788,41.02569580078125,29.0863037109375
sxk9mv,3623216,41.03118896484375,29.0863037109375
sxk9mw,1552312,41.03668212890625,29.0753173828125
sxk9mx,889851,41.04217529296875,29.0753173828125
sxk9my,689183,41.03668212890625,29.0863037109375
sxk9mz,610461,41.04217529296875,29.0863037109375
sxk9n0,1914401,40.95977783203125,29.0972900390625
sxk9n2,7612963,40.95977783203125,29.1082763671875
sxk9n3,8812232,40.96527099609375,29.1082763671875
sxk9n4,7444279,40.97076416015625,29.0972900390625
sxk9n5,8130629,40.97625732421875,29.0972900390625
sxk9n6,3120749,40.97076416015625,29.1082763671875
sxk9n7,1845792,40.97625732421875,29.1082763671875
sxk9n9,1396392,40.96527099609375,29.1192626953125
sxk9nd,1795798,40.97076416015625,29.1192626953125
sxk9ne,1820558,40.97625732421875,29.1192626953125
sxk9nf,1169371,40.97076416015625,29.1302490234375
sxk9ng,1570866,40.97625732421875,29.1302490234375
sxk9nh,10192425,40.98175048828125,29.0972900390625
sxk9nj,1528639,40.98724365234375,29.0972900390625
sxk9nk,3336270,40.98175048828125,29.1082763671875
sxk9nm,6801389,40.98724365234375,29.1082763671875
sxk9nn,1061888,40.99273681640625,29.0972900390625
sxk9np,1675167,40.99822998046875,29.0972900390625
sxk9nq,5282418,40.99273681640625,29.1082763671875
sxk9nr,4835864,40.99822998046875,29.1082763671875
sxk9ns,1058880,40.98175048828125,29.1192626953125
sxk9nt,1159730,40.98724365234375,29.1192626953125
sxk9nu,2449180,40.98175048828125,29.1302490234375
sxk9nv,1300502,40.98724365234375,29.1302490234375
sxk9nw,4542047,40.99273681640625,29.1192626953125
sxk9nx,11800894,40.99822998046875,29.1192626953125
sxk9ny,1514263,40.99273681640625,29.1302490234375
sxk9nz,9648509,40.99822998046875,29.1302490234375
sxk9p0,1351591,40.95977783203125,29.1412353515625
sxk9p1,729899,40.96527099609375,29.1412353515625
sxk9p4,1929003,40.97076416015625,29.1412353515625
sxk9p5,2262594,40.97625732421875,29.1412353515625
sxk9p7,1332032,40.97625732421875,29.1522216796875
sxk9pg,1011482,40.97625732421875,29.1741943359375
sxk9ph,1013992,40.98175048828125,29.1412353515625
sxk9pj,2119958,40.98724365234375,29.1412353515625
sxk9pk,1180524,40.98175048828125,29.1522216796875
sxk9pm,2538845,40.98724365234375,29.1522216796875
sxk9pn,2744939,40.99273681640625,29.1412353515625
sxk9pp,9592651,40.99822998046875,29.1412353515625
sxk9pq,12547174,40.99273681640625,29.1522216796875
sxk9pr,4832746,40.99822998046875,29.1522216796875
sxk9ps,1495992,40.98175048828125,29.1632080078125
sxk9pt,1271141,40.98724365234375,29.1632080078125
sxk9pw,8880663,40.99273681640625,29.1632080078125
sxk9px,2075466,40.99822998046875,29.1632080078125
sxk9py,9622246,40.99273681640625,29.1741943359375
sxk9pz,1845559,40.99822998046875,29.1741943359375
sxk9q0,3933632,41.00372314453125,29.0972900390625
sxk9q1,4732191,41.00921630859375,29.0972900390625
sxk9q2,3852197,41.00372314453125,29.1082763671875
sxk9q3,1535995,41.00921630859375,29.1082763671875
sxk9q4,1608099,41.01470947265625,29.0972900390625
sxk9q5,1162892,41.02020263671875,29.0972900390625
sxk9q6,966420,41.01470947265625,29.1082763671875
sxk9q7,1835925,41.02020263671875,29.1082763671875
sxk9q8,6992023,41.00372314453125,29.1192626953125
sxk9q9,6688075,41.00921630859375,29.1192626953125
sxk9qb,1117376,41.00372314453125,29.1302490234375
sxk9qc,1313802,41.00921630859375,29.1302490234375
sxk9qd,7528139,41.01470947265625,29.1192626953125
sxk9qe,8472399,41.02020263671875,29.1192626953125
sxk9qf,1541839,41.01470947265625,29.1302490234375
sxk9qg,3827048,41.02020263671875,29.1302490234375
sxk9qh,2364845,41.02569580078125,29.0972900390625
sxk9qj,4572369,41.03118896484375,29.0972900390625
sxk9qk,2632036,41.02569580078125,29.1082763671875
sxk9qm,7277607,41.03118896484375,29.1082763671875
sxk9qn,1309061,41.03668212890625,29.0972900390625
sxk9qp,891122,41.04217529296875,29.0972900390625
sxk9qq,1712076,41.03668212890625,29.1082763671875
sxk9qr,656115,41.04217529296875,29.1082763671875
sxk9qs,7266369,41.02569580078125,29.1192626953125
sxk9qt,10154021,41.03118896484375,29.1192626953125
sxk9qu,6076746,41.02569580078125,29.1302490234375
sxk9qv,3657689,41.03118896484375,29.1302490234375
sxk9qw,5602822,41.03668212890625,29.1192626953125
sxk9qx,6419116,41.04217529296875,29.1192626953125
sxk9r0,1305451,41.00372314453125,29.1412353515625
sxk9r1,1416347,41.00921630859375,29.1412353515625
sxk9r2,2074304,41.00372314453125,29.1522216796875
sxk9r3,1315415,41.00921630859375,29.1522216796875
sxk9r4,1685328,41.01470947265625,29.1412353515625
sxk9r5,783182,41.02020263671875,29.1412353515625
sxk9r6,1637302,41.01470947265625,29.1522216796875
sxk9r7,720555,41.02020263671875,29.1522216796875
sxk9r8,2992758,41.00372314453125,29.1632080078125
sxk9r9,1901010,41.00921630859375,29.1632080078125
sxk9rb,2339247,41.00372314453125,29.1741943359375
sxk9rc,2489477,41.00921630859375,29.1741943359375
sxk9rd,2249387,41.01470947265625,29.1632080078125
sxk9re,1472813,41.02020263671875,29.1632080078125
sxk9rf,1886301,41.01470947265625,29.1741943359375
sxk9rg,2741759,41.02020263671875,29.1741943359375
sxk9rj,3185006,41.03118896484375,29.1412353515625
sxk9rk,585764,41.02569580078125,29.1522216796875
sxk9rn,3528897,41.03668212890625,29.1412353515625
sxk9rq,4272171,41.03668212890625,29.1522216796875
sxk9rs,735891,41.02569580078125,29.1632080078125
sxk9rt,3741281,41.03118896484375,29.1632080078125
sxk9ru,4395871,41.02569580078125,29.1741943359375
sxk9rv,3838655,41.03118896484375,29.1741943359375
sxk9rw,3297247,41.03668212890625,29.1632080078125
sxk9s0,2194513,41.04766845703125,29.0093994140625
sxk9s1,2960925,41.05316162109375,29.0093994140625
sxk9s2,792610,41.04766845703125,29.0203857421875
sxk9s3,3714322,41.05316162109375,29.0203857421875
sxk9s4,2891540,41.05865478515625,29.0093994140625
sxk9s5,6434482,41.06414794921875,29.0093994140625
sxk9s6,4970997,41.05865478515625,29.0203857421875
sxk9s7,3031988,41.06414794921875,29.0203857421875
sxk9s8,4257791,41.04766845703125,29.0313720703125
sxk9s9,3316158,41.05316162109375,29.0313720703125
sxk9sd,759465,41.05865478515625,29.0313720703125
sxk9sh,5987769,41.06964111328125,29.0093994140625
sxk9sj,3233482,41.07513427734375,29.0093994140625
sxk9sk,4366930,41.06964111328125,29.0203857421875
sxk9sm,4843401,41.07513427734375,29.0203857421875
sxk9sn,5051349,41.08062744140625,29.0093994140625
sxk9sp,6313569,41.08612060546875,29.0093994140625
sxk9sq,1098372,41.08062744140625,29.0203857421875
sxk9sr,1686287,41.08612060546875,29.0203857421875
sxk9st,1732081,41.07513427734375,29.0313720703125
sxk9sw,1356933,41.08062744140625,29.0313720703125
sxk9sx,975629,41.08612060546875,29.0313720703125
sxk9sy,795962,41.08062744140625,29.0423583984375
sxk9t0,801787,41.04766845703125,29.0533447265625
sxk9t8,978170,41.04766845703125,29.0753173828125
sxk9t9,812886,41.05316162109375,29.0753173828125
sxk9tb,543283,41.04766845703125,29.0863037109375
sxk9tc,572122,41.05316162109375,29.0863037109375
sxk9td,631270,41.05865478515625,29.0753173828125
sxk9tf,575191,41.05865478515625,29.0863037109375
sxk9tg,778849,41.06414794921875,29.0863037109375
sxk9tm,1243345,41.07513427734375,29.0643310546875
sxk9tq,1103981,41.08062744140625,29.0643310546875
sxk9ts,924293,41.06964111328125,29.0753173828125
sxk9tt,1085603,41.07513427734375,29.0753173828125
sxk9tw,1371026,41.08062744140625,29.0753173828125
sxk9ty,657158,41.08062744140625,29.0863037109375
sxk9tz,2639927,41.08612060546875,29.0863037109375
sxk9u0,5155253,41.09161376953125,29.0093994140625
sxk9u1,7751079,41.09710693359375,29.0093994140625
sxk9u2,4067575,41.09161376953125,29.0203857421875
sxk9u3,3518071,41.09710693359375,29.0203857421875
sxk9u4,6835530,41.10260009765625,29.0093994140625
sxk9u5,3916708,41.10809326171875,29.0093994140625
sxk9u7,4855982,41.10809326171875,29.0203857421875
sxk9u8,7350783,41.09161376953125,29.0313720703125
sxk9ub,7608071,41.09161376953125,29.0423583984375
sxk9ue,2080155,41.10809326171875,29.0313720703125
sxk9uk,2493672,41.11358642578125,29.0203857421875
sxk9um,2259217,41.11907958984375,29.0203857421875
sxk9uq,2089437,41.12457275390625,29.0203857421875
sxk9ur,1839061,41.13006591796875,29.0203857421875
sxk9us,1232558,41.11358642578125,29.0313720703125
sxk9uu,1227361,41.11358642578125,29.0423583984375
sxk9uv,798269,41.11907958984375,29.0423583984375
sxk9uy,734914,41.12457275390625,29.0423583984375
sxk9v0,6910198,41.09161376953125,29.0533447265625
sxk9v1,1204178,41.09710693359375,29.0533447265625
sxk9v2,6602138,41.09161376953125,29.0643310546875
sxk9v5,983842,41.10809326171875,29.0533447265625
sxk9v8,6443258,41.09161376953125,29.0753173828125
sxk9vb,8940819,41.09161376953125,29.0863037109375
sxk9vc,644413,41.09710693359375,29.0863037109375
sxk9vg,626708,41.10809326171875,29.0863037109375
sxk9vh,1577573,41.11358642578125,29.0533447265625
sxk9w0,433218,41.04766845703125,29.0972900390625
sxk9w1,307023,41.05316162109375,29.0972900390625
sxk9w6,724167,41.05865478515625,29.1082763671875
sxk9w7,5973279,41.06414794921875,29.1082763671875
sxk9w8,6688473,41.04766845703125,29.1192626953125
sxk9w9,7051862,41.05316162109375,29.1192626953125
sxk9wb,2048148,41.04766845703125,29.1302490234375
sxk9wd,6567476,41.05865478515625,29.1192626953125
sxk9we,3169269,41.06414794921875,29.1192626953125
sxk9wj,6163090,41.07513427734375,29.0972900390625
sxk9wk,6259411,41.06964111328125,29.1082763671875
sxk9wm,2200518,41.07513427734375,29.1082763671875
sxk9wn,6692224,41.08062744140625,29.0972900390625
sxk9wp,6771658,41.08612060546875,29.0972900390625
sxk9x0,1844663,41.04766845703125,29.1412353515625
sxk9x2,1671737,41.04766845703125,29.1522216796875
sxk9x9,1724715,41.05316162109375,29.1632080078125
sxk9xc,467953,41.05316162109375,29.1741943359375
sxk9y0,2831593,41.09161376953125,29.0972900390625
sxk9y1,2023097,41.09710693359375,29.0972900390625
sxk9y4,1168632,41.10260009765625,29.0972900390625
sxk9y7,1046888,41.10809326171875,29.1082763671875
sxk9ye,552612,41.10809326171875,29.1192626953125
sxk9ys,859165,41.11358642578125,29.1192626953125
sxk9yt,1013685,41.11907958984375,29.1192626953125
sxk9yv,1041153,41.11907958984375,29.1302490234375
sxk9yy,508191,41.12457275390625,29.1302490234375
sxk9zj,403633,41.11907958984375,29.1412353515625
sxk9zn,488016,41.12457275390625,29.1412353515625
sxkb3x,1012301,40.86639404296875,29.2510986328125
sxkb3z,2421979,40.86639404296875,29.2620849609375
sxkb5z,4191683,40.82244873046875,29.3499755859375
sxkb6g,5075452,40.84442138671875,29.3060302734375
sxkb6m,5017445,40.85540771484375,29.2840576171875
sxkb6n,5118141,40.86090087890625,29.2730712890625
sxkb6p,10940859,40.86639404296875,29.2730712890625
sxkb6q,6325443,40.86090087890625,29.2840576171875
sxkb6s,7797888,40.84991455078125,29.2950439453125
sxkb6t,6813423,40.85540771484375,29.2950439453125
sxkb6u,1528235,40.84991455078125,29.3060302734375
sxkb73,6426979,40.83343505859375,29.3280029296875
sxkb74,5724297,40.83892822265625,29.3170166015625
sxkb75,230958,40.84442138671875,29.3170166015625
sxkb76,1896122,40.83892822265625,29.3280029296875
sxkb78,5144035,40.82794189453125,29.3389892578125
sxkb79,2969058,40.83343505859375,29.3389892578125
sxkb7b,3200911,40.82794189453125,29.3499755859375
sxkb85,3086039,40.88836669921875,29.1851806640625
sxkb86,1376870,40.88287353515625,29.1961669921875
sxkb87,1967596,40.88836669921875,29.1961669921875
sxkb8c,1961767,40.87738037109375,29.2181396484375
sxkb8d,1841062,40.88287353515625,29.2071533203125
sxkb8e,1106239,40.88836669921875,29.2071533203125
sxkb8h,1576995,40.89385986328125,29.1851806640625
sxkb8j,1723227,40.89935302734375,29.1851806640625
sxkb8k,1941218,40.89385986328125,29.1961669921875
sxkb8m,1006441,40.89935302734375,29.1961669921875
sxkb8n,1856799,40.90484619140625,29.1851806640625
sxkb8p,2460434,40.91033935546875,29.1851806640625
sxkb8q,845490,40.90484619140625,29.1961669921875
sxkb8r,7012645,40.91033935546875,29.1961669921875
sxkb8s,1822398,40.89385986328125,29.2071533203125
sxkb8t,2702773,40.89935302734375,29.2071533203125
sxkb8v,6882818,40.89935302734375,29.2181396484375
sxkb8w,9604856,40.90484619140625,29.2071533203125
sxkb8x,6409406,40.91033935546875,29.2071533203125
sxkb8y,6534591,40.90484619140625,29.2181396484375
sxkb8z,3629886,40.91033935546875,29.2181396484375
sxkb90,2108094,40.87188720703125,29.2291259765625
sxkb91,1267510,40.87738037109375,29.2291259765625
sxkb92,1398734,40.87188720703125,29.2401123046875
sxkb93,2623864,40.87738037109375,29.2401123046875
sxkb95,1185126,40.88836669921875,29.2291259765625
sxkb96,5882234,40.88287353515625,29.2401123046875
sxkb97,9577955,40.88836669921875,29.2401123046875
sxkb98,1864789,40.87188720703125,29.2510986328125
sxkb99,903475,40.87738037109375,29.2510986328125
sxkb9b,7701869,40.87188720703125,29.2620849609375
sxkb9c,8223334,40.87738037109375,29.2620849609375
sxkb9d,7875963,40.88287353515625,29.2510986328125
sxkb9f,1942174,40.88287353515625,29.2620849609375
sxkb9h,7721508,40.89385986328125,29.2291259765625
sxkb9j,3686171,40.89935302734375,29.2291259765625
sxkb9k,2535306,40.89385986328125,29.2401123046875
sxkb9s,2729277,40.89385986328125,29.2510986328125
sxkb9t,1999662,40.89935302734375,29.2510986328125
sxkb9v,2894469,40.89935302734375,29.2620849609375
sxkbb0,6104418,40.91583251953125,29.1851806640625
sxkbb1,1283955,40.92132568359375,29.1851806640625
sxkbb2,1695956,40.91583251953125,29.1961669921875
sxkbb3,1765358,40.92132568359375,29.1961669921875
sxkbb8,1378249,40.91583251953125,29.2071533203125
sxkbb9,4259610,40.92132568359375,29.2071533203125
sxkbbb,2062090,40.91583251953125,29.2181396484375
sxkbbc,987147,40.92132568359375,29.2181396484375
sxkbbd,3819868,40.92681884765625,29.2071533203125
sxkbbe,2951680,40.93231201171875,29.2071533203125
sxkbbf,413982,40.92681884765625,29.2181396484375
sxkbbs,3113532,40.93780517578125,29.2071533203125
sxkbbt,1233422,40.94329833984375,29.2071533203125
sxkbbv,3610476,40.94329833984375,29.2181396484375
sxkbby,3989583,40.94879150390625,29.2181396484375
sxkbbz,3287620,40.95428466796875,29.2181396484375
sxkbd0,6494845,40.87188720703125,29.2730712890625
sxkbd2,3715640,40.87188720703125,29.2840576171875
sxkbd8,4308411,40.87188720703125,29.2950439453125
sxkbd9,663071,40.87738037109375,29.2950439453125
sxkbdc,4121709,40.87738037109375,29.3060302734375
sxkbdj,2793473,40.89935302734375,29.2730712890625
sxkbdn,2004664,40.90484619140625,29.2730712890625
sxkbdq,2810380,40.90484619140625,29.2840576171875
sxkbdw,724822,40.90484619140625,29.2950439453125
sxkbdx,2106658,40.91033935546875,29.2950439453125
sxkbe1,3452700,40.87738037109375,29.3170166015625
sxkbe4,2849254,40.88287353515625,29.3170166015625
sxkbe7,2462987,40.88836669921875,29.3280029296875
sxkbep,2021718,40.91033935546875,29.3170166015625
sxkbeq,2272984,40.90484619140625,29.3280029296875
sxkber,2769584,40.91033935546875,29.3280029296875
sxkbf8,1540034,40.91583251953125,29.2950439453125
sxkbfb,2741141,40.91583251953125,29.3060302734375
sxkbfc,1415604,40.92132568359375,29.3060302734375
sxkbff,357996,40.92681884765625,29.3060302734375
sxkbft,868723,40.94329833984375,29.2950439453125
sxkbfu,1370703,40.93780517578125,29.3060302734375
sxkbfv,1925649,40.94329833984375,29.3060302734375
sxkbfw,1255081,40.94879150390625,29.2950439453125
sxkbfx,8280502,40.95428466796875,29.2950439453125
sxkbfy,8125114,40.94879150390625,29.3060302734375
sxkbfz,2402084,40.95428466796875,29.3060302734375
sxkbg0,4652162,40.91583251953125,29.3170166015625
sxkbg1,2766548,40.92132568359375,29.3170166015625
sxkbg2,3560143,40.91583251953125,29.3280029296875
sxkbg3,638358,40.92132568359375,29.3280029296875
sxkbg4,2708774,40.92681884765625,29.3170166015625
sxkbg6,2804225,40.92681884765625,29.3280029296875
sxkbg7,7138327,40.93231201171875,29.3280029296875
sxkbg8,1701543,40.91583251953125,29.3389892578125
sxkbg9,2724073,40.92132568359375,29.3389892578125
sxkbgb,6822954,40.91583251953125,29.3499755859375
sxkbgc,6596179,40.92132568359375,29.3499755859375
sxkbgd,2128331,40.92681884765625,29.3389892578125
sxkbge,12027734,40.93231201171875,29.3389892578125
sxkbgf,8694210,40.92681884765625,29.3499755859375
sxkbgg,4125291,40.93231201171875,29.3499755859375
sxkbgh,2181307,40.93780517578125,29.3170166015625
sxkbgj,9397845,40.94329833984375,29.3170166015625
sxkbgk,12461847,40.93780517578125,29.3280029296875
sxkbgm,2286585,40.94329833984375,29.3280029296875
sxkbgn,3241623,40.94879150390625,29.3170166015625
sxkbgp,2047870,40.95428466796875,29.3170166015625
sxkbgr,719094,40.95428466796875,29.3280029296875
sxkbgs,2914917,40.93780517578125,29.3389892578125
sxkbgt,1107993,40.94329833984375,29.3389892578125
sxkbgv,1406764,40.94329833984375,29.3499755859375
sxkbgw,2142244,40.94879150390625,29.3389892578125
sxkbgx,1611123,40.95428466796875,29.3389892578125
sxkbhd,2366419,40.79498291015625,29.3829345703125
sxkbhe,4190632,40.80047607421875,29.3829345703125
sxkbhf,6291430,40.79498291015625,29.3939208984375
sxkbhj,2977191,40.81146240234375,29.3609619140625
sxkbhk,4220023,40.80596923828125,29.3719482421875
sxkbhm,4259880,40.81146240234375,29.3719482421875
sxkbhn,8193398,40.81695556640625,29.3609619140625
sxkbhp,6048954,40.82244873046875,29.3609619140625
sxkbhs,1769157,40.80596923828125,29.3829345703125
sxkbj1,5802230,40.78948974609375,29.4049072265625
sxkbj2,3504461,40.78399658203125,29.4158935546875
sxkbj3,6896549,40.78948974609375,29.4158935546875
sxkbj4,681482,40.79498291015625,29.4049072265625
sxkbj8,1359109,40.78399658203125,29.4268798828125
sxkbj9,4699934,40.78948974609375,29.4268798828125
sxkbjd,3152560,40.79498291015625,29.4268798828125
sxkbjf,5044314,40.79498291015625,29.4378662109375
sxkbjz,671847,40.82244873046875,29.4378662109375
sxkbk0,2364022,40.82794189453125,29.3609619140625
sxkbk2,1609798,40.82794189453125,29.3719482421875
sxkbk3,3414454,40.83343505859375,29.3719482421875
sxkbk6,2644164,40.83892822265625,29.3719482421875
sxkbk7,2453433,40.84442138671875,29.3719482421875
sxkbkk,3990504,40.84991455078125,29.3719482421875
sxkbkm,4382561,40.85540771484375,29.3719482421875
sxkbkw,4372457,40.86090087890625,29.3829345703125
sxkbkx,3325454,40.86639404296875,29.3829345703125
sxkbkz,6624666,40.86639404296875,29.3939208984375
sxkbm3,532978,40.83343505859375,29.4158935546875
sxkbm6,4143323,40.83892822265625,29.4158935546875
sxkbm7,3939944,40.84442138671875,29.4158935546875
sxkbm8,456309,40.82794189453125,29.4268798828125
sxkbm9,4653867,40.83343505859375,29.4268798828125
sxkbmb,3674885,40.82794189453125,29.4378662109375
sxkbmh,589989,40.84991455078125,29.4049072265625
sxkbmj,5246735,40.85540771484375,29.4049072265625
sxkbmk,4121380,40.84991455078125,29.4158935546875
sxkbmn,6077228,40.86090087890625,29.4049072265625
sxkbmp,1974858,40.86639404296875,29.4049072265625
sxkbs6,3171367,40.88287353515625,29.3719482421875
sxkbs7,6619741,40.88836669921875,29.3719482421875
sxkbs9,6170428,40.87738037109375,29.3829345703125
sxkbsb,8348837,40.87188720703125,29.3939208984375
sxkbsc,2850718,40.87738037109375,29.3939208984375
sxkbsd,6130772,40.88287353515625,29.3829345703125
sxkbsj,1627407,40.89935302734375,29.3609619140625
sxkbsk,6294057,40.89385986328125,29.3719482421875
sxkbsm,6802610,40.89935302734375,29.3719482421875
sxkbsn,7073895,40.90484619140625,29.3609619140625
sxkbsp,6595804,40.91033935546875,29.3609619140625
sxkbu0,808745,40.91583251953125,29.3609619140625
sxkbu5,509179,40.93231201171875,29.3609619140625
sxkbu7,784809,40.93231201171875,29.3719482421875
sxkbue,1307219,40.93231201171875,29.3829345703125
sxkbug,1287947,40.93231201171875,29.3939208984375
sxkbuh,2096258,40.93780517578125,29.3609619140625
sxkbuk,1401654,40.93780517578125,29.3719482421875
sxkbum,734388,40.94329833984375,29.3719482421875
sxkbut,561045,40.94329833984375,29.3829345703125
sxkbv5,1184896,40.93231201171875,29.4049072265625
sxkbv7,1455476,40.93231201171875,29.4158935546875
sxkbve,1108406,40.93231201171875,29.4268798828125
sxkbvg,588621,40.93231201171875,29.4378662109375
sxkc03,1479777,40.96527099609375,29.1961669921875
sxkc05,678796,40.97625732421875,29.1851806640625
sxkc06,1229506,40.97076416015625,29.1961669921875
sxkc09,669422,40.96527099609375,29.2071533203125
sxkc0b,4159944,40.95977783203125,29.2181396484375
sxkc0c,3613063,40.96527099609375,29.2181396484375
sxkc0d,1017153,40.97076416015625,29.2071533203125
sxkc0e,3217458,40.97625732421875,29.2071533203125
sxkc0f,5080705,40.97076416015625,29.2181396484375
sxkc0g,7487124,40.97625732421875,29.2181396484375
sxkc0h,694699,40.98175048828125,29.1851806640625
sxkc0j,3259916,40.98724365234375,29.1851806640625
sxkc0k,4334556,40.98175048828125,29.1961669921875
sxkc0m,9208150,40.98724365234375,29.1961669921875
sxkc0n,8801400,40.99273681640625,29.1851806640625
sxkc0p,1346030,40.99822998046875,29.1851806640625
sxkc0q,1380845,40.99273681640625,29.1961669921875
sxkc0r,1160435,40.99822998046875,29.1961669921875
sxkc0s,10073067,40.98175048828125,29.2071533203125
sxkc0t,2237186,40.98724365234375,29.2071533203125
sxkc0u,9882113,40.98175048828125,29.2181396484375
sxkc0v,1417748,40.98724365234375,29.2181396484375
sxkc0y,1192510,40.99273681640625,29.2181396484375
sxkc0z,1453801,40.99822998046875,29.2181396484375
sxkc15,7362347,40.97625732421875,29.2291259765625
sxkc17,9732214,40.97625732421875,29.2401123046875
sxkc1d,6740424,40.97076416015625,29.2510986328125
sxkc1e,5492822,40.97625732421875,29.2510986328125
sxkc1f,8859766,40.97076416015625,29.2620849609375
sxkc1h,1148979,40.98175048828125,29.2291259765625
sxkc1j,3145628,40.98724365234375,29.2291259765625
sxkc1k,660335,40.98175048828125,29.2401123046875
sxkc1n,1848109,40.99273681640625,29.2291259765625
sxkc20,760878,41.00372314453125,29.1851806640625
sxkc21,1894578,41.00921630859375,29.1851806640625
sxkc22,995502,41.00372314453125,29.1961669921875
sxkc23,2228390,41.00921630859375,29.1961669921875
sxkc24,6225402,41.01470947265625,29.1851806640625
sxkc25,2915259,41.02020263671875,29.1851806640625
sxkc26,5295436,41.01470947265625,29.1961669921875
sxkc28,939291,41.00372314453125,29.2071533203125
sxkc29,3397615,41.00921630859375,29.2071533203125
sxkc2b,1813127,41.00372314453125,29.2181396484375
sxkc2c,2608153,41.00921630859375,29.2181396484375
sxkc2d,4763076,41.01470947265625,29.2071533203125
sxkc2e,2672448,41.02020263671875,29.2071533203125
sxkc2g,2965321,41.02020263671875,29.2181396484375
sxkc2u,2039977,41.02569580078125,29.2181396484375
sxkc2x,1072332,41.04217529296875,29.2071533203125
sxkc2z,1176333,41.04217529296875,29.2181396484375
sxkc31,1581885,41.00921630859375,29.2291259765625
sxkc33,1070911,41.00921630859375,29.2401123046875
sxkc38,1018122,41.00372314453125,29.2510986328125
sxkc39,837908,41.00921630859375,29.2510986328125
sxkc3b,1093696,41.00372314453125,29.2620849609375
sxkc3h,3345870,41.02569580078125,29.2291259765625
sxkc3k,2336078,41.02569580078125,29.2401123046875
sxkc3p,431928,41.04217529296875,29.2291259765625
sxkc3s,2052605,41.02569580078125,29.2510986328125
sxkc3u,1481653,41.02569580078125,29.2620849609375
sxkc3v,1929582,41.03118896484375,29.2620849609375
sxkc40,408763,40.95977783203125,29.2730712890625
sxkc41,8440773,40.96527099609375,29.2730712890625
sxkc42,7679707,40.95977783203125,29.2840576171875
sxkc43,896331,40.96527099609375,29.2840576171875
sxkc44,4775490,40.97076416015625,29.2730712890625
sxkc48,2047051,40.95977783203125,29.2950439453125
sxkc4r,1445481,40.99822998046875,29.2840576171875
sxkc4x,3370536,40.99822998046875,29.2950439453125
sxkc4z,3837478,40.99822998046875,29.3060302734375
sxkc50,2150035,40.95977783203125,29.3170166015625
sxkc51,1770922,40.96527099609375,29.3170166015625
sxkc52,1508151,40.95977783203125,29.3280029296875
sxkc53,2063248,40.96527099609375,29.3280029296875
sxkc54,777193,40.97076416015625,29.3170166015625
sxkc56,3046650,40.97076416015625,29.3280029296875
sxkc57,3117484,40.97625732421875,29.3280029296875
sxkc58,1196658,40.95977783203125,29.3389892578125
sxkc5e,276647,40.97625732421875,29.3389892578125
sxkc5k,2251321,40.98175048828125,29.3280029296875
sxkc5m,2986542,40.98724365234375,29.3280029296875
sxkc5n,1886762,40.99273681640625,29.3170166015625
sxkc5p,3700662,40.99822998046875,29.3170166015625
sxkc5q,4140411,40.99273681640625,29.3280029296875
sxkc5s,969709,40.98175048828125,29.3389892578125
sxkc5t,784497,40.98724365234375,29.3389892578125
sxkc60,1660629,41.00372314453125,29.2730712890625
sxkc61,4077557,41.00921630859375,29.2730712890625
sxkc62,3625844,41.00372314453125,29.2840576171875
sxkc63,1412923,41.00921630859375,29.2840576171875
sxkc64,4209624,41.01470947265625,29.2730712890625
sxkc65,4064201,41.02020263671875,29.2730712890625
sxkc68,1282585,41.00372314453125,29.2950439453125
sxkc6b,895915,41.00372314453125,29.3060302734375
sxkc6h,4689805,41.02569580078125,29.2730712890625
sxkc6j,5106298,41.03118896484375,29.2730712890625
sxkc6n,5204385,41.03668212890625,29.2730712890625
sxkc6p,4613891,41.04217529296875,29.2730712890625
sxkc6r,619315,41.04217529296875,29.2840576171875
sxkc82,1496901,41.04766845703125,29.1961669921875
sxkc83,810732,41.05316162109375,29.1961669921875
sxkc88,357235,41.04766845703125,29.2071533203125
sxkc90,1133173,41.04766845703125,29.2291259765625
sxkc92,1336224,41.04766845703125,29.2401123046875
sxkc98,1127349,41.04766845703125,29.2510986328125
sxkc9b,1420743,41.04766845703125,29.2620849609375
sxkcd0,3635793,41.04766845703125,29.2730712890625
sxkcd1,3894056,41.05316162109375,29.2730712890625
sxkcd3,715735,41.05316162109375,29.2840576171875
sxkcd4,2761080,41.05865478515625,29.2730712890625
sxkcd5,3484442,41.06414794921875,29.2730712890625
sxkcd9,795837,41.05316162109375,29.2950439453125
sxkcdd,776542,41.05865478515625,29.2950439453125
sxkcdg,903807,41.06414794921875,29.3060302734375
sxkcdh,3633040,41.06964111328125,29.2730712890625
sxkcdj,2366787,41.07513427734375,29.2730712890625
sxkcdm,1955321,41.07513427734375,29.2840576171875
sxkcdq,3587958,41.08062744140625,29.2840576171875
sxkcdr,3181187,41.08612060546875,29.2840576171875
sxkcdu,770608,41.06964111328125,29.3060302734375
sxkcej,597131,41.07513427734375,29.3170166015625
sxkcen,961850,41.08062744140625,29.3170166015625
sxkceq,725530,41.08062744140625,29.3280029296875
sxkcer,466467,41.08612060546875,29.3280029296875
sxkcex,825483,41.08612060546875,29.3389892578125
sxkcf2,2999994,41.09161376953125,29.2840576171875
sxkcf3,2914386,41.09710693359375,29.2840576171875
sxkcf9,1049927,41.09710693359375,29.2950439453125
sxkcfd,3013080,41.10260009765625,29.2950439453125
sxkcfe,2631778,41.10809326171875,29.2950439453125
sxkcfk,245146,41.11358642578125,29.2840576171875
sxkcfm,3154667,41.11907958984375,29.2840576171875
sxkcfq,3349146,41.12457275390625,29.2840576171875
sxkcfr,3263439,41.13006591796875,29.2840576171875
sxkcfs,2935730,41.11358642578125,29.2950439453125
sxkd00,972253,41.13555908203125,28.8336181640625
sxkd1c,3908638,41.14105224609375,28.9105224609375
sxkd1d,3639900,41.14654541015625,28.8995361328125
sxkd1e,3265821,41.15203857421875,28.8995361328125
sxkd1g,520396,41.15203857421875,28.9105224609375
sxkd1k,355018,41.15753173828125,28.8885498046875
sxkd1m,3411389,41.16302490234375,28.8885498046875
sxkd1p,3101118,41.17401123046875,28.8775634765625
sxkd1q,3367147,41.16851806640625,28.8885498046875
sxkd1r,2139766,41.17401123046875,28.8885498046875
sxkd1s,2782093,41.15753173828125,28.8995361328125
sxkd1v,521213,41.16302490234375,28.9105224609375
sxkd2c,2681849,41.18499755859375,28.8665771484375
sxkd2f,2975517,41.19049072265625,28.8665771484375
sxkd2g,2657224,41.19598388671875,28.8665771484375
sxkd2m,3359866,41.20697021484375,28.8446044921875
sxkd2n,5257826,41.21246337890625,28.8336181640625
sxkd2p,6321107,41.21795654296875,28.8336181640625
sxkd2q,2210437,41.21246337890625,28.8446044921875
sxkd2s,2101568,41.20147705078125,28.8555908203125
sxkd2t,1711091,41.20697021484375,28.8555908203125
sxkd2u,1835229,41.20147705078125,28.8665771484375
sxkd30,3514928,41.17950439453125,28.8775634765625
sxkd31,1778849,41.18499755859375,28.8775634765625
sxkd32,673626,41.17950439453125,28.8885498046875
sxkd40,3343136,41.13555908203125,28.9215087890625
sxkd41,1511269,41.14105224609375,28.9215087890625
sxkd42,4303417,41.13555908203125,28.9324951171875
sxkd44,1143562,41.14654541015625,28.9215087890625
sxkd45,639291,41.15203857421875,28.9215087890625
sxkd48,1067946,41.13555908203125,28.9434814453125
sxkd7z,449275,41.21795654296875,28.9984130859375
sxkd80,4351328,41.22344970703125,28.8336181640625
sxkd81,3566411,41.22894287109375,28.8336181640625
sxkd82,2433429,41.22344970703125,28.8446044921875
sxkd83,3673943,41.22894287109375,28.8446044921875
sxkd84,1135107,41.23443603515625,28.8336181640625
sxkd85,909691,41.23992919921875,28.8336181640625
sxkd86,3300297,41.23443603515625,28.8446044921875
sxkd89,3267602,41.22894287109375,28.8555908203125
sxkd8c,2851139,41.22894287109375,28.8665771484375
sxkd8d,232434,41.23443603515625,28.8555908203125
sxkd8f,1267894,41.23443603515625,28.8665771484375
sxkd94,3176146,41.23443603515625,28.8775634765625
sxkd96,3434746,41.23443603515625,28.8885498046875
sxkd9d,3753007,41.23443603515625,28.8995361328125
sxkd9f,2970827,41.23443603515625,28.9105224609375
sxkdd3,3619279,41.22894287109375,28.9324951171875
sxkdd4,3432470,41.23443603515625,28.9215087890625
sxkdd6,759566,41.23443603515625,28.9324951171875
sxkdd9,2974005,41.22894287109375,28.9434814453125
sxkddd,808703,41.23443603515625,28.9434814453125
sxkddf,3524718,41.23443603515625,28.9544677734375
sxkde1,1503578,41.22894287109375,28.9654541015625
sxkde3,3697317,41.22894287109375,28.9764404296875
sxkde4,2906101,41.23443603515625,28.9654541015625
sxkde8,3568127,41.22344970703125,28.9874267578125
sxkdeb,3468707,41.22344970703125,28.9984130859375
sxkdh2,2007683,41.13555908203125,29.0203857421875
sxkdh7,466634,41.15203857421875,29.0203857421875
sxkdh8,1189057,41.13555908203125,29.0313720703125
sxkdh9,2509459,41.14105224609375,29.0313720703125
sxkdhb,881744,41.13555908203125,29.0423583984375
sxkdhd,1491329,41.14654541015625,29.0313720703125
sxkdhe,1913870,41.15203857421875,29.0313720703125
sxkdhg,756888,41.15203857421875,29.0423583984375
sxkdhk,672203,41.15753173828125,29.0203857421875
sxkdhs,1703253,41.15753173828125,29.0313720703125
sxkdhu,949882,41.15753173828125,29.0423583984375
sxkdhv,964570,41.16302490234375,29.0423583984375
sxkdhz,653128,41.17401123046875,29.0423583984375
sxkdjj,1105387,41.16302490234375,29.0533447265625
sxkdjn,1176046,41.16851806640625,29.0533447265625
sxkdjp,1113402,41.17401123046875,29.0533447265625
sxkdkc,1064363,41.18499755859375,29.0423583984375
sxkdmy,361973,41.21246337890625,29.0863037109375
sxkdmz,3063044,41.21795654296875,29.0863037109375
sxkdqe,1101773,41.19598388671875,29.1192626953125
sxkdqg,369739,41.19598388671875,29.1302490234375
sxkdqj,2019494,41.20697021484375,29.0972900390625
sxkdqk,2267194,41.20147705078125,29.1082763671875
sxkdqm,2487338,41.20697021484375,29.1082763671875
sxkdqn,1097789,41.21246337890625,29.0972900390625
sxkdqs,3003930,41.20147705078125,29.1192626953125
sxkdr5,3172904,41.19598388671875,29.1412353515625
sxkdr7,3671738,41.19598388671875,29.1522216796875
sxkdre,3720826,41.19598388671875,29.1632080078125
sxkdrg,3539556,41.19598388671875,29.1741943359375
sxkdrk,448453,41.20147705078125,29.1522216796875
sxkds0,3295882,41.22344970703125,29.0093994140625
sxkds2,2936742,41.22344970703125,29.0203857421875
sxkds3,807473,41.22894287109375,29.0203857421875
sxkds8,2370145,41.22344970703125,29.0313720703125
sxkds9,900974,41.22894287109375,29.0313720703125
sxkdsb,2247146,41.22344970703125,29.0423583984375
sxkdt0,706290,41.22344970703125,29.0533447265625
sxkdt1,3115092,41.22894287109375,29.0533447265625
sxkdt3,3402555,41.22894287109375,29.0643310546875
sxkdt8,3108991,41.22344970703125,29.0753173828125
sxkdt9,280200,41.22894287109375,29.0753173828125
sxkdtb,841639,41.22344970703125,29.0863037109375
sxkf1g,601236,41.15203857421875,29.2620849609375
sxkf1r,3381991,41.17401123046875,29.2401123046875
sxkf1t,1716037,41.16302490234375,29.2510986328125
sxkf1u,3587685,41.15753173828125,29.2620849609375
sxkf1v,2355850,41.16302490234375,29.2620849609375
sxkf1w,3605146,41.16851806640625,29.2510986328125
sxkf1x,939050,41.17401123046875,29.2510986328125
sxkf24,3016012,41.19049072265625,29.1851806640625
sxkf25,2027347,41.19598388671875,29.1851806640625
sxkf26,2950124,41.19049072265625,29.1961669921875
sxkf2c,3835532,41.18499755859375,29.2181396484375
sxkf2d,3783351,41.19049072265625,29.2071533203125
sxkf2f,288951,41.19049072265625,29.2181396484375
sxkf30,1676329,41.17950439453125,29.2291259765625
sxkf31,2996869,41.18499755859375,29.2291259765625
sxkf32,2829347,41.17950439453125,29.2401123046875
sxkf42,3112661,41.13555908203125,29.2840576171875
sxkf43,2820673,41.14105224609375,29.2840576171875
sxkf45,3126985,41.15203857421875,29.2730712890625
